movie_id	imdb_id	movie_name	imdb_date	production_companies	franchise	% screentime, female (all)	% screentime, female (human)	% screentime, female (animal/other)
snow.white.and._tt0029583	tt0029583	Snow White and the Seven Dwarfs	1937	Walt Disney Animation Studios; Walt Disney Productions	Snow White	26.99	26.50	100.00
gullivers.trave_tt0031397	tt0031397	Gulliver's Travels	1939	Fleischer Studios	Gulliver's Travels	0.00	0.00	
fantasia_tt0032455	tt0032455	Fantasia	1940	Walt Disney Animation Studios; Walt Disney Productions	Disney	0.00		0.00
pinocchio_tt0032910	tt0032910	Pinocchio	1940	Walt Disney Animation Studios; Walt Disney Productions	Pinocchio	4.29	3.86	4.80
bambi_tt0034492	tt0034492	Bambi	1942	Walt Disney Productions; Walt Disney Animation Studios	Bambi	13.05		13.05
cinderella_tt0042332	tt0042332	Cinderella	1950	Walt Disney Animation Studios; Walt Disney Productions	Cinderella	39.56	64.98	11.12
alice.in.wonder_tt0043274	tt0043274	Alice in Wonderland	1951	Walt Disney Animation Studios; Walt Disney Productions	Alice in Wonderland	53.90	79.16	6.95
lady.and.the.tr_tt0048280	tt0048280	Lady and the Tramp	1955	Walt Disney Animation Studios; Walt Disney Productions	Lady and the Tramp	42.44	5.38	44.30
sleeping.beauty_tt0053285	tt0053285	Sleeping Beauty	1959	Walt Disney Animation Studios; Walt Disney Productions	Sleeping Beauty	67.90	71.42	0.00
one.hundred.and_tt0055254	tt0055254	One Hundred and One Dalmatians	1961	Walt Disney Animation Studios; Walt Disney Productions	101 Dalmatians	33.37	42.27	28.11
sword.in.the.st_tt0057546	tt0057546	The Sword in the Stone	1963	Walt Disney Animation Studios; Walt Disney Productions	Sword in the Stone	18.19	10.24	41.24
jungle.book_tt0061852	tt0061852	The Jungle Book	1967	Walt Disney Animation Studios; Walt Disney Productions	Jungle Book	2.76	4.08	2.27
a.boy.named.cha_tt0064107	tt0064107	A Boy Named Charlie Brown	1969	Cinema Center Films; Lee Mendelson Film Productions; Bill Melendez Productions	Peanuts	29.53	31.26	0.00
bedknobs.and.br_tt0066817	tt0066817	Bedknobs and Broomsticks	1971	Walt Disney Productions		0.00		0.00
robin.hood_tt0070608	tt0070608	Robin Hood	1973	Walt Disney Animation Studios; Walt Disney Productions	Robin Hood	18.82		18.82
petes.dragon_tt0076538	tt0076538	Pete's Dragon	1977	Walt Disney Productions	Pete's Dragon	0.00		0.00
rescuers_tt0076618	tt0076618	The Rescuers	1977	Walt Disney Animation Studios; Walt Disney Productions	Rescuers	48.17	66.89	44.87
lord.of.the.rin_tt0077869	tt0077869	The Lord of the Rings	1978	Fantasy Films; Bakshi Productions; Saul Zaentz Film Productions	Lord of the Rings	1.83	1.93	0.00
fox.and.the.hou_tt0082406	tt0082406	The Fox and the Hound	1981	Walt Disney Animation Studios; Walt Disney Productions	Fox and the Hound	23.22	52.39	17.86
black.cauldron_tt0088814	tt0088814	The Black Cauldron	1985	Walt Disney Pictures; Silver Screen Partners II; Walt Disney Animation Studios		22.20	25.58	12.00
care.bears.movi_tt0088885	tt0088885	The Care Bears Movie	1985	Nelvana; American Greetings Corporation; General Mills	Care Bears	46.77	32.33	53.53
an.american.tai_tt0090633	tt0090633	An American Tail	1986	Universal Pictures; Amblin Entertainment; Sullivan Studios	An American Tail	22.88		22.88
great.mouse.det_tt0091149	tt0091149	The Great Mouse Detective	1986	Walt Disney Pictures; Silver Screen Partners II; Walt Disney Animation Studios	Great Mouse Detective	20.97		20.97
land.before.tim_tt0095489	tt0095489	The Land Before Time	1988	Universal Pictures; Amblin Entertainment; Sullivan Bluth Studios	Land Before Time	52.54		52.54
oliver..company_tt0095776	tt0095776	Oliver & Company	1988	Walt Disney Pictures; Silver Screen Partners III; Walt Disney Animation Studios	Oliver and Company	25.35	37.52	21.87
who.framed.roge_tt0096438	tt0096438	Who Framed Roger Rabbit	1988	Touchstone Pictures; Amblin Entertainment; Silver Screen Partners III	Roger Rabbit	25.22	69.67	6.58
little.mermaid_tt0097757	tt0097757	The Little Mermaid	1989	Walt Disney Pictures; Silver Screen Partners IV; Walt Disney Animation Studios	Little Mermaid	43.85	62.51	7.04
beauty.and.the._tt0101414	tt0101414	Beauty and the Beast	1991	Walt Disney Pictures; Silver Screen Partners IV; Walt Disney Animation Studios	Beauty and the Beast	35.06	47.77	17.22
aladdin_tt0103639	tt0103639	Aladdin	1992	Walt Disney Pictures; Walt Disney Animation Studios; Walt Disney Feature Animation	Aladdin	17.37	24.28	0.00
nightmare.befor_tt0107688	tt0107688	The Nightmare Before Christmas	1993	Walt Disney Pictures; Touchstone Pictures; Tim Burton Productions	Nightmare Before Christmas	27.76	60.74	7.15
lion.king_tt0110357	tt0110357	The Lion King	1994	Walt Disney Pictures; Walt Disney Animation Studios; Walt Disney Feature Animation	Lion King	16.97		16.97
a.goofy.movie_tt0113198	tt0113198	A Goofy Movie	1995	Walt Disney Pictures; Disney Television Animation; Disneytoon Studios	Disney	11.95		11.95
pocahontas_tt0114148	tt0114148	Pocahontas	1995	Walt Disney Pictures; Walt Disney Animation Studios; Walt Disney Feature Animation	Pocahontas	32.60	36.04	0.00
toy.story_tt0114709	tt0114709	Toy Story	1995	Walt Disney Pictures; Pixar Animation Studios	Toy Story	6.76	9.30	0.00
beavis.and.butt_tt0115641	tt0115641	Beavis and Butt-Head Do America	1996	Paramount Pictures; MTV Films; MTV Productions	Beavis and Butt-Head	10.61	10.61	
hunchback.of.no_tt0116583	tt0116583	The Hunchback of Notre Dame	1996	Walt Disney Pictures; Walt Disney Animation Studios; Walt Disney Feature Animation	Hunchback of Notre Dame	21.34	19.17	31.78
space.jam_tt0117705	tt0117705	Space Jam	1996	Warner Bros.; Courtside Seats Productions; Northern Lights Entertainment	Looney Tunes	7.54	34.77	5.72
anastasia_tt0118617	tt0118617	Anastasia	1997	Fox Family Films; Fox Animation Studios; The Big Gun Project	Anastasia	47.48	48.71	0.00
a.bugs.life_tt0120623	tt0120623	A Bug's Life	1998	Walt Disney Pictures; Pixar Animation Studios	Bug's Life	50.24		50.24
antz_tt0120587	tt0120587	Antz	1998	DreamWorks Animation; DreamWorks Pictures; PDI DreamWorks		29.31		29.31
mulan_tt0120762	tt0120762	Mulan	1998	Walt Disney Pictures; Walt Disney Animation Studios; Walt Disney Feature Animation Florida	Mulan	43.76	52.69	0.00
pokmon.the.firs_tt0190641	tt0190641	Pokémon: The First Movie - Mewtwo Strikes Back	1998	Oriental Light and Magic (OLM); Shogakukan Production; Tomy	Pokémon	40.23	42.54	36.61
prince.of.egypt_tt0120794	tt0120794	The Prince of Egypt	1998	DreamWorks Pictures; DreamWorks Feature Animation; DreamWorks Animation		31.76	31.76	
rugrats.movie_tt0134067	tt0134067	The Rugrats Movie	1998	Paramount Pictures; Nickelodeon Movies; Klasky-Csupo	Rugrats	37.91	38.59	0.00
fantasia.2000_tt0120910	tt0120910	Fantasia 2000	1999	Walt Disney Pictures; Walt Disney Animation Studios; Walt Disney Feature Animation	Disney	11.95		11.95
south.park.bigg_tt0158983	tt0158983	South Park: Bigger, Longer & Uncut	1999	Paramount Pictures; Warner Bros.; Comedy Central	South Park	22.40	23.22	0.00
tarzan_tt0120855	tt0120855	Tarzan	1999	Walt Disney Pictures; Walt Disney Animation Studios; Walt Disney Feature Animation	Tarzan	44.14	30.30	65.37
toy.story.2_tt0120363	tt0120363	Toy Story 2	1999	Walt Disney Pictures; Pixar Animation Studios	Toy Story	16.98	23.87	4.83
chicken.run_tt0120630	tt0120630	Chicken Run	2000	Aardman Animations; DreamWorks Pictures; Pathé	Chicken Run	57.28	51.46	57.99
dinosaur_tt0130623	tt0130623	Dinosaur	2000	Walt Disney Pictures; The Secret Lab (TSL); Walt Disney Animation Studios	Dinosaur	37.60		37.60
road.to.el.dora_tt0138749	tt0138749	The Road to El Dorado	2000	DreamWorks Pictures; DreamWorks Feature Animation; DreamWorks Animation	Road to El Dorado	14.29	14.29	
atlantis.the.lo_tt0230011	tt0230011	Atlantis: The Lost Empire	2001	Walt Disney Pictures; Eastman Film; Walt Disney Animation Studios	Atlantis: The Lost Empire	26.67	26.67	
monsters.inc._tt0198781	tt0198781	Monsters, Inc.	2001	Walt Disney Pictures; Pixar Animation Studios	Monsters, Inc.	13.48	100.00	4.85
shrek_tt0126029	tt0126029	Shrek	2001	DreamWorks Animation; DreamWorks Pictures; PDI DreamWorks	Shrek	22.96	58.84	3.29
ice.age_tt0268380	tt0268380	Ice Age	2002	20th Century Fox; Blue Sky Studios; 20th Century Fox Animation	Ice Age	22.26		22.26
lilo..stitch_tt0275847	tt0275847	Lilo & Stitch	2002	Walt Disney Pictures; Walt Disney Animation Studios; Walt Disney Feature Animation Florida	Lilo & Stitch	52.40	67.76	15.34
spirit.stallion_tt0166813	tt0166813	Spirit: Stallion of the Cimarron	2002	DreamWorks Pictures; DreamWorks Animation; DreamWorks Feature Animation	Spirit: Stallion of the Cimarron	16.49	0.00	22.91
brother.bear_tt0328880	tt0328880	Brother Bear	2003	Walt Disney Pictures; Walt Disney Animation Studios; Walt Disney Feature Animation Florida	Brother Bear	7.22	20.94	2.21
finding.nemo_tt0266543	tt0266543	Finding Nemo	2003	Walt Disney Pictures; Pixar Animation Studios	Finding Nemo	30.88	61.09	29.74
incredibles_tt0317705	tt0317705	The Incredibles	2004	Walt Disney Pictures; Pixar Animation Studios	Incredibles	43.20	43.20	
polar.express_tt0338348	tt0338348	The Polar Express	2004	Castle Rock Entertainment; Shangri-La Entertainment; Playtone	Polar Express	19.15	19.15	
shark.tale_tt0307453	tt0307453	Shark Tale	2004	DreamWorks Animation	Shark Tale	21.26		21.26
shrek.2_tt0298148	tt0298148	Shrek 2	2004	DreamWorks Pictures; DreamWorks Animation; PDI DreamWorks	Shrek	31.54	43.82	21.64
spongebob.squar_tt0345950	tt0345950	The SpongeBob SquarePants Movie	2004	Paramount Pictures; Nickelodeon Movies; United Plankton Pictures	SpongeBob SquarePants	10.39		10.39
chicken.little_tt0371606	tt0371606	Chicken Little	2005	Walt Disney Pictures; Walt Disney Animation Studios; Walt Disney Feature Animation	Chicken Little	18.51		18.51
corpse.bride_tt0121164	tt0121164	Corpse Bride	2005	Warner Bros.; Tim Burton Productions; Laika Entertainment		43.24	42.43	59.10
madagascar_tt0351283	tt0351283	Madagascar	2005	DreamWorks Animation; PDI DreamWorks	Madagascar	13.05	100.00	12.70
robots_tt0358082	tt0358082	Robots	2005	20th Century Fox Animation; Blue Sky Studios	Robots	32.51		32.51
wallace..gromit_tt0312004	tt0312004	Wallace & Gromit: The Curse of the Were-Rabbit	2005	DreamWorks Animation; Aardman Animations	Wallace and Gromit	19.88	27.47	0.00
barnyard_tt0414853	tt0414853	Barnyard	2006	Paramount Pictures; Nickelodeon Movies; O Entertainment	Barnyard	19.89	38.74	18.61
cars_tt0317219	tt0317219	Cars	2006	Walt Disney Pictures; Pixar Animation Studios	Cars	31.20		31.20
flushed.away_tt0424095	tt0424095	Flushed Away	2006	DreamWorks Animation; Aardman Animations	Flushed Away	22.15		22.15
happy.feet_tt0366548	tt0366548	Happy Feet	2006	Warner Bros.; Village Roadshow Pictures; Kennedy Miller Productions	Happy Feet	23.20		23.20
ice.age.the.mel_tt0438097	tt0438097	Ice Age: The Meltdown	2006	20th Century Fox Animation; Blue Sky Studios	Ice Age	15.63		15.63
monster.house_tt0385880	tt0385880	Monster House	2006	Columbia Pictures; Relativity Media; ImageMovers	Monster House	25.08	25.08	
open.season_tt0400717	tt0400717	Open Season	2006	Columbia Pictures; Sony Pictures Animation	Open Season	14.11	46.73	5.06
over.the.hedge_tt0327084	tt0327084	Over the Hedge	2006	DreamWorks Animation	Over the Hedge	22.69	56.42	20.09
alvin.and.the.c_tt0952640	tt0952640	Alvin and the Chipmunks	2007	Fox 2000 Pictures; Regency Enterprises; Bagdasarian Productions	Alvin And The Chipmunks	0.00		0.00
bee.movie_tt0389790	tt0389790	Bee Movie	2007	DreamWorks Animation; Columbus 81 Productions	Bee Movie	23.74	46.38	11.56
beowulf_tt0442933	tt0442933	Beowulf	2007	Shangri-La Entertainment; ImageMovers	Beowulf	24.58	25.00	0.00
enchanted_tt0461770	tt0461770	Enchanted	2007	Walt Disney Pictures; Josephson Entertainment; Andalasia Productions	Enchanted	56.67	78.59	13.96
meet.the.robins_tt0396555	tt0396555	Meet the Robinsons	2007	Walt Disney Pictures; Walt Disney Animation Studios	Meet the Robinsons	13.02	13.85	0.00
ratatouille_tt0382932	tt0382932	Ratatouille	2007	Walt Disney Pictures; Pixar Animation Studios	Ratatouille	11.52	17.00	0.00
shrek.the.third_tt0413267	tt0413267	Shrek the Third	2007	DreamWorks Animation; Pacific Data Images (PDI)	Shrek	29.25	37.81	19.50
simpsons.movie_tt0462538	tt0462538	The Simpsons Movie	2007	20th Century Fox; Gracie Films; The Curiosity Company	Simpsons	25.08	25.73	0.00
surfs.up_tt0423294	tt0423294	Surf's Up	2007	Columbia Pictures; Sony Pictures Animation	Surf's Up	19.15		19.15
tmnt_tt0453556	tt0453556	TMNT	2007	Imagi Animation Studios; The Weinstein Company; Warner Bros.	Teenage Mutant Ninja Turtles	14.97	44.04	0.00
bolt_tt0397892	tt0397892	Bolt	2008	Walt Disney Pictures; Walt Disney Animation Studios	Bolt	38.25	64.16	27.67
horton.hears.a._tt0451079	tt0451079	Horton Hears a Who!	2008	20th Century Fox Animation; Blue Sky Studios	Dr. Seuss	23.83	28.37	22.02
kung.fu.panda_tt0441773	tt0441773	Kung Fu Panda	2008	DreamWorks Animation; Dragon Warrior Media	Kung Fu Panda	11.00		11.00
madagascar.esca_tt0479952	tt0479952	Madagascar: Escape 2 Africa	2008	DreamWorks Animation; Pacific Data Images (PDI)	Madagascar	17.22		17.22
walle_tt0910970	tt0910970	WALL·E	2008	Walt Disney Pictures; Pixar Animation Studios; FortyFour Studios	WALL-E	36.48	8.15	71.88
a.christmas.car_tt1067106	tt1067106	A Christmas Carol	2009	Walt Disney Pictures; ImageMovers Digital; ImageMovers	Christmas Carol	17.02	17.02	
alvin.and.the.c_tt1231580	tt1231580	Alvin and the Chipmunks: The Squeakquel	2009	Fox 2000 Pictures; Regency Enterprises; Bagdasarian Productions	Alvin And The Chipmunks	31.37		31.37
cloudy.with.a.c_tt0844471	tt0844471	Cloudy with a Chance of Meatballs	2009	Columbia Pictures; Sony Pictures Animation	Cloudy with a Chance of Meatballs	31.79	32.88	0.00
coraline_tt0327597	tt0327597	Coraline	2009	Focus Features; Laika Entertainment; Pandemonium	Coraline	81.66	85.14	0.00
gforce_tt0436339	tt0436339	G-Force	2009	Walt Disney Pictures; Jerry Bruckheimer Films; Whamaphram Productions	G-Force	15.99		15.99
ice.age.dawn.of_tt1080016	tt1080016	Ice Age: Dawn of the Dinosaurs	2009	20th Century Fox Animation; Blue Sky Studios	Ice Age	21.91		21.91
monsters.vs..al_tt0892782	tt0892782	Monsters vs. Aliens	2009	DreamWorks Animation	Monsters vs. Aliens	38.02	59.92	0.00
princess.and.th_tt0780521	tt0780521	The Princess and the Frog	2009	Walt Disney Pictures; Walt Disney Animation Studios	Princess and the Frog	44.28	54.42	32.01
up_tt1049413	tt1049413	Up	2009	Walt Disney Pictures; Pixar Animation Studios	Up	7.96	6.55	15.90
despicable.me_tt1323594	tt1323594	Despicable Me	2010	Universal Pictures; Illumination Entertainment	Despicable Me	46.68	50.15	0.00
how.to.train.yo_tt0892769	tt0892769	How to Train Your Dragon	2010	DreamWorks Animation	How to Train Your Dragon	16.22	17.93	0.00
megamind_tt1001526	tt1001526	Megamind	2010	DreamWorks Animation; Pacific Data Images (PDI); Red Hour Films	Megamind	25.04	28.37	0.00
shrek.forever.a_tt0892791	tt0892791	Shrek Forever After	2010	DreamWorks Animation; Cinemand; Legendary Digital Media	Shrek	23.81	23.43	23.93
tangled_tt0398286	tt0398286	Tangled	2010	Walt Disney Pictures; Walt Disney Animation Studios	Tangled	55.09	57.64	0.00
toy.story.3_tt0435761	tt0435761	Toy Story 3	2010	Walt Disney Pictures; Pixar Animation Studios	Toy Story	25.02	34.40	13.53
alvin.and.the.c_tt1615918	tt1615918	Alvin and the Chipmunks: Chipwrecked	2011	Fox 2000 Pictures; Regency Enterprises; Bagdasarian Productions	Alvin And The Chipmunks	44.97		44.97
cars.2_tt1216475	tt1216475	Cars 2	2011	Walt Disney Pictures; Pixar Animation Studios	Cars	23.45		23.45
gnomeo..juliet_tt0377981	tt0377981	Gnomeo & Juliet	2011	Touchstone Pictures; Rocket Pictures	Gnomeo & Juliet	39.13	35.32	68.46
hop_tt1411704	tt1411704	Hop	2011	Universal Pictures; Relativity Media; Illumination Entertainment		0.00		0.00
kung.fu.panda.2_tt1302011	tt1302011	Kung Fu Panda 2	2011	DreamWorks Animation	Kung Fu Panda	23.31		23.31
puss.in.boots_tt0448694	tt0448694	Puss in Boots	2011	DreamWorks Animation	Shrek	23.59	34.23	20.35
rango_tt1192628	tt1192628	Rango	2011	Paramount Pictures; Nickelodeon Movies; Blind Wink Productions	Rango	23.20		23.20
rio_tt1436562	tt1436562	Rio	2011	20th Century Fox Animation; Blue Sky Studios	Rio	29.06	36.79	23.40
smurfs_tt0472181	tt0472181	The Smurfs	2011	Columbia Pictures; Sony Pictures Animation; Kerner Entertainment Company	Smurfs	13.79		13.79
brave_tt1217209	tt1217209	Brave	2012	Walt Disney Pictures; Pixar Animation Studios	Brave	70.26	67.41	100.00
hotel.transylva_tt0837562	tt0837562	Hotel Transylvania	2012	Columbia Pictures; Sony Pictures Animation; Happy Madison Productions	Hotel Transylvania	22.27	22.59	21.35
ice.age.contine_tt1667889	tt1667889	Ice Age: Continental Drift	2012	20th Century Fox Animation; Blue Sky Studios; FortyFour Studios	Ice Age	38.84		38.84
lorax_tt1482459	tt1482459	The Lorax	2012	Universal Pictures; Illumination Entertainment; Dr. Seuss Enterprises	Dr. Seuss	27.58	28.92	23.83
madagascar.3.eu_tt1277953	tt1277953	Madagascar 3: Europe's Most Wanted	2012	DreamWorks Animation; Pacific Data Images (PDI)	Madagascar	25.71	57.52	21.85
rise.of.the.gua_tt1446192	tt1446192	Rise of the Guardians	2012	DreamWorks Animation	Rise of the Guardians	14.51	14.48	14.78
wreckit.ralph_tt1772341	tt1772341	Wreck-It Ralph	2012	Walt Disney Animation Studios; Walt Disney Pictures	Wreck-It Ralph	34.66	36.70	0.00
cloudy.with.a.c_tt1985966	tt1985966	Cloudy with a Chance of Meatballs 2	2013	Columbia Pictures; Sony Pictures Animation; Legendary Digital Media	Cloudy with a Chance of Meatballs	25.12	22.02	39.11
croods_tt0481499	tt0481499	The Croods	2013	DreamWorks Animation	Croods	46.59	49.01	0.00
despicable.me.2_tt1690953	tt1690953	Despicable Me 2	2013	Universal Pictures; Illumination Entertainment	Despicable Me	35.68	45.68	0.00
epic_tt0848537	tt0848537	Epic	2013	20th Century Fox Animation; Blue Sky Studios; House of Cool Studios		40.64	46.80	3.87
frozen_tt2294629	tt2294629	Frozen	2013	Walt Disney Pictures; Walt Disney Animation Studios	Frozen	50.93	59.39	13.53
monsters.univer_tt1453405	tt1453405	Monsters University	2013	Walt Disney Pictures; Pixar Animation Studios	Monsters, Inc.	8.99		8.99
planes_tt1691917	tt1691917	Planes	2013	Walt Disney Pictures; Alaska Animated Films; Disneytoon Studios	Cars	18.92		18.92
smurfs.2_tt2017020	tt2017020	The Smurfs 2	2013	Columbia Pictures; Sony Pictures Animation; Hemisphere Media Capital	Smurfs	36.40	100.00	22.51
turbo_tt1860353	tt1860353	Turbo	2013	DreamWorks Animation	Turbo	12.25	16.08	7.69
big.hero.6_tt2245084	tt2245084	Big Hero 6	2014	Walt Disney Pictures; Walt Disney Animation Studios	Big Hero 6	23.51	25.68	0.00
how.to.train.yo_tt1646971	tt1646971	How to Train Your Dragon 2	2014	DreamWorks Animation; Mad Hatter Entertainment	How to Train Your Dragon	27.88	30.23	13.23
lego.movie_tt1490017	tt1490017	The Lego Movie	2014	Warner Bros.; Village Roadshow Pictures; RatPac-Dune Entertainment	LEGO Movie	28.67	22.40	65.74
mr..peabody..sh_tt0864835	tt0864835	Mr. Peabody & Sherman	2014	Bullwinkle Studios; Classic Media Productions; DreamWorks Animation	Rocky and Bullwinkle	24.31	31.91	0.00
nut.job_tt1821658	tt1821658	The Nut Job	2014	Endgame Entertainment; Gulfstream Pictures; Open Road Films (II)	Nut Job	28.42	16.10	30.95
penguins.of.mad_tt1911658	tt1911658	Penguins of Madagascar	2014	DreamWorks Animation; Pacific Data Images (PDI)	Madagascar	7.90	21.36	7.35
rio.2_tt2357291	tt2357291	Rio 2	2014	20th Century Fox Animation; Blue Sky Studios; FortyFour Studios	Rio	36.15	45.63	34.14
tmnt_2014	tt1291150	Teenage Mutant Ninja Turtles	2014	Paramount Pictures; Nickelodeon Movies; Platinum Dunes	Teenage Mutant Ninja Turtles	0.00	0.00	0.00
good.dinosaur_tt1979388	tt1979388	The Good Dinosaur	2015	Walt Disney Pictures; Pixar Animation Studios	Good Dinosaur	12.76	0.00	15.40
home_tt2224026	tt2224026	Home	2015	DreamWorks Animation	Home	37.28	98.83	0.00
hotel.transylva_tt2510894	tt2510894	Hotel Transylvania 2	2015	Columbia Pictures; Sony Pictures Animation; LStar Capital	Hotel Transylvania	22.66	24.45	12.89
inside.out_tt2096673	tt2096673	Inside Out	2015	Walt Disney Pictures; Pixar Animation Studios	Inside Out	71.39	76.66	70.20
minions_tt2293640	tt2293640	Minions	2015	Universal Pictures; Illumination Entertainment	Despicable Me	21.51	53.53	0.00
peanuts.movie_tt2452042	tt2452042	The Peanuts Movie	2015	20th Century Fox Animation; Blue Sky Studios; Feigco Entertainment	Peanuts	37.86	44.02	11.86
angry.birds.mov_tt1985949	tt1985949	The Angry Birds Movie	2016	Columbia Pictures; Rovio Entertainment	Angry Birds	20.75		20.75
finding.dory_tt2277860	tt2277860	Finding Dory	2016	Walt Disney Pictures; Pixar Animation Studios	Finding Nemo	51.69	0.00	51.90
ice.age.collisi_tt3416828	tt3416828	Ice Age: Collision Course	2016	20th Century Fox Animation; Blue Sky Studios; FortyFour Studios	Ice Age	36.04		36.04
jungle_book	tt3040964	The Jungle Book	2016	Walt Disney Pictures; Fairview Entertainment; Moving Picture Company (MPC)	Jungle Book	18.73		18.73
kung.fu.panda.3_tt2267968	tt2267968	Kung Fu Panda 3	2016	DreamWorks Animation; China Film Co., Ltd.; Oriental DreamWorks	Kung Fu Panda	23.52		23.52
moana_tt3521164	tt3521164	Moana	2016	Walt Disney Pictures; Walt Disney Animation Studios; Hurwitz Creative	Moana	68.06	72.00	0.00
sausage.party_tt1700841	tt1700841	Sausage Party	2016	Annapurna Pictures; Columbia Pictures; Nitrogen Studios Canada	Sausage Party	25.03	17.51	25.48
secret.life.of._tt2709768	tt2709768	The Secret Life of Pets	2016	Universal Pictures; Illumination Entertainment; Dentsu	Secret Life of Pets	21.52	89.77	18.18
sing_tt3470600	tt3470600	Sing	2016	Universal Pictures; Illumination Entertainment; Dentsu	Sing	32.78		32.78
storks_tt4624424	tt4624424	Storks	2016	Warner Bros.; Lord Miller; RatPac-Dune Entertainment	Storks	38.50	71.24	0.00
trolls_tt1679335	tt1679335	Trolls	2016	DreamWorks Animation	Trolls	52.66		52.66
zootopia_tt2948356	tt2948356	Zootopia	2016	Walt Disney Pictures; Walt Disney Animation Studios	Zootopia	49.32		49.32
boss.baby_tt3874544	tt3874544	The Boss Baby	2017	DreamWorks Animation	Boss Baby	10.29	10.29	
captain.underpa_tt2091256	tt2091256	Captain Underpants: The First Epic Movie	2017	DreamWorks Animation	Captain Underpants	7.56	7.56	
cars.3_tt3606752	tt3606752	Cars 3	2017	Walt Disney Pictures; Pixar Animation Studios	Cars	38.09		38.09
coco_tt2380307	tt2380307	Coco	2017	Walt Disney Pictures; Pixar Animation Studios; Día de Muertos	Coco	29.39	29.94	0.00
despicable.me.3_tt3469046	tt3469046	Despicable Me 3	2017	Illumination Entertainment; Universal Pictures	Despicable Me	35.45	38.34	0.00
emoji.movie_tt4877122	tt4877122	The Emoji Movie	2017	Columbia Pictures; Sony Pictures Animation; LStar Capital	Emoji Movie	32.68	76.42	18.44
lego.batman.mov_tt4116284	tt4116284	The Lego Batman Movie	2017	Animal Logic; DC Entertainment; DC Films		26.09	26.09	
lego.ninjago.mo_tt3014284	tt3014284	The Lego Ninjago Movie	2017	Animal Logic; LEGO System A/S; Lin Pictures	LEGO Ninjago	15.34	15.34	
grinch_tt2709692	tt2709692	The Grinch	2018	Universal Pictures; Illumination Entertainment; Dr. Seuss Enterprises	Grinch	29.04	57.00	0.00
hotel.transylva_tt5220122	tt5220122	Hotel Transylvania 3: Summer Vacation	2018	Sony Pictures Animation; Media Rights Capital (MRC); Rough Draft Korea	Hotel Transylvania	41.12	40.91	42.20
incredibles.2_tt3606756	tt3606756	Incredibles 2	2018	Walt Disney Pictures; Pixar Animation Studios	Incredibles	43.03	43.24	0.00
peter_rabbit	tt5117670	Peter Rabbit	2018	Columbia Pictures; 2.0 Entertainment; Animal Logic	Peter Rabbit	47.41		47.41
ralph.breaks.th_tt5848272	tt5848272	Ralph Breaks the Internet	2018	Walt Disney Pictures; Walt Disney Animation Studios	Wreck-It Ralph	55.61	57.96	0.00
smallfoot_tt6182908	tt6182908	Smallfoot	2018	Warner Bros.; Zaftig Films; Warner Bros. Animation	Smallfoot	28.63	16.64	31.10
spiderman.into._tt4633694	tt4633694	Spider-Man: Into the Spider-Verse	2018	Columbia Pictures; Marvel Entertainment; Sony Pictures Animation	Spider-Man	24.48	24.53	0.00
abominable_tt6324278	tt6324278	Abominable	2019	DreamWorks Animation; Pearl Studio; China Film Co-Production	Abominable	44.21	53.15	0.00
addams.family_tt1620981	tt1620981	The Addams Family	2019	Metro-Goldwyn-Mayer (MGM); Cinesite Animation; BRON Studios	Addams Family	56.68	56.76	0.00
frozen.ii_tt4520988	tt4520988	Frozen II	2019	Walt Disney Pictures; Walt Disney Animation Studios	Frozen	61.68	73.72	0.72
how.to.train.yo_tt2386490	tt2386490	How to Train Your Dragon: The Hidden World	2019	DreamWorks Animation	How to Train Your Dragon	30.40	29.35	34.93
lego.movie.2.th_tt3513498	tt3513498	The Lego Movie 2: The Second Part	2019	Warner Bros.; Warner Bros. Pictures Animation; LEGO System A/S	LEGO Movie	39.42	30.63	89.18
lion.king_tt6105098	tt6105098	The Lion King	2019	Walt Disney Pictures; Fairview Entertainment	Lion King	26.60		26.60
secret.life.of._tt5113040	tt5113040	The Secret Life of Pets 2	2019	Universal Pictures; Illumination Entertainment; Dentsu	Secret Life of Pets	28.42	39.07	26.86
spies.in.disgui_tt5814534	tt5814534	Spies in Disguise	2019	20th Century Fox Animation; 20th Century Fox; Blue Sky Studios		22.85	22.85	
toy.story.4_tt1979376	tt1979376	Toy Story 4	2019	Walt Disney Pictures; Pixar Animation Studios	Toy Story	35.22	44.44	10.77
weathering.with_tt9426210	tt9426210	Weathering with You	2019	Weathering With You Film Partners, Beijing Enlight Pictures, China Film Group Corporation (CFGC)		30.94	30.94	
croods.a.new.ag_tt2850386	tt2850386	The Croods: A New Age	2020	DreamWorks Animation; Dentsu	Croods	48.97	50.74	0.00
onward_tt7146812	tt7146812	Onward	2020	Walt Disney Pictures; Pixar Animation Studios	Onward	20.90	15.01	85.07
addams.family.2_tt11125620	tt11125620	The Addams Family 2	2021	BRON Studios; BermanBraun; Bron Creative	Addams Family	47.72	47.72	
boss.baby.2.fam_tt6932874	tt6932874	The Boss Baby: Family Business	2021	DreamWorks Animation	Boss Baby	40.01	40.32	0.00
encanto_tt2953050	tt2953050	Encanto	2021	Walt Disney Pictures; Walt Disney Animation Studios; Hurwitz Creative	Encanto	72.85	72.90	69.89
paw.patrol.the._tt11832046	tt11832046	PAW Patrol: The Movie	2021	Paramount Pictures; Spin Master Entertainment; Nickelodeon Movies	PAW Patrol	18.27	16.92	19.39
peter_rabbit_2	tt8376234	Peter Rabbit 2: The Runaway	2021	Columbia Pictures; 2.0 Entertainment; Animal Logic	Peter Rabbit	27.22		27.22
raya.and.the.la_tt5109280	tt5109280	Raya and the Last Dragon	2021	Walt Disney Pictures; Walt Disney Animation Studios	Raya and the Last Dragon	75.56	75.01	78.99
rons.gone.wrong_tt7504818	tt7504818	Ron's Gone Wrong	2021	20th Century Studios; TSG Entertainment; Locksmith Animation		18.96	19.95	0.00
sing.2_tt6467266	tt6467266	Sing 2	2021	Universal Pictures; Illumination Entertainment; Dentsu	Sing	40.33		40.33
space.jam.a.new_tt3554046	tt3554046	Space Jam: A New Legacy	2021	Warner Bros.; Warner Bros. Pictures Animation; Proximity Media	Looney Tunes	28.51	39.13	20.03
spirit.untamed_tt11084896	tt11084896	Spirit Untamed	2021	DreamWorks Animation; Jellyfish Pictures	Spirit: Stallion of the Cimarron	65.73	78.84	24.04
bad.guys_tt8115900	tt8115900	The Bad Guys	2022	DreamWorks Animation	Bad Guys	21.97		21.97
bobs.burgers.mo_tt7466442	tt7466442	The Bob's Burgers Movie	2022	20th Century Studios; 20th Century Animation; 20th Television Animation	Bob's Burgers	45.00	45.02	0.00
dc.league.of.su_tt8912936	tt8912936	DC League of Super-Pets	2022	Warner Bros.; Warner Bros. Pictures Animation; DC Entertainment	DC Universe	31.60	33.91	30.94
lightyear_tt10298810	tt10298810	Lightyear	2022	Walt Disney Pictures; Pixar Animation Studios	Toy Story	29.10	32.03	8.27
minions.the.ris_tt5113044	tt5113044	Minions: The Rise of Gru	2022	Universal Pictures; Illumination Entertainment	Despicable Me	10.63	18.27	0.00
puss.in.boots.t_tt3915174	tt3915174	Puss in Boots: The Last Wish	2022	DreamWorks Animation; Dentsu	Shrek	29.81	54.00	23.56
strange.world_tt10298840	tt10298840	Strange World	2022	Walt Disney Pictures; Walt Disney Animation Studios; Hurwitz Creative		19.80	20.22	0.00
elemental_tt15789038	tt15789038	Elemental	2023	Walt Disney Pictures; Pixar Animation Studios; Hurwitz Creative		55.32		55.32
migration_tt6495056	tt6495056	Migration	2023	Universal Pictures; Illumination Entertainment; Dentsu		46.55		46.55
paw.patrol.the._tt15837338	tt15837338	PAW Patrol: The Mighty Movie	2023	Spin Master Entertainment; Nickelodeon Movies; Paramount Pictures	PAW Patrol	49.16	42.53	52.19
spiderman.acros_tt9362722	tt9362722	Spider-Man: Across the Spider-Verse	2023	Columbia Pictures; Marvel Entertainment; Sony Pictures Animation	Spider-Man	39.09	39.09	
super.mario.bro_tt6718170	tt6718170	The Super Mario Bros. Movie	2023	Universal Pictures; Nintendo; Illumination Entertainment	Super Mario Bros.	17.95	25.90	0.00
teenage.mutant._tt8589698	tt8589698	Teenage Mutant Ninja Turtles: Mutant Mayhem	2023	Image Comics; Mikros Animation; Nickelodeon Animation Studios	Teenage Mutant Ninja Turtles	12.22	69.35	1.04
trolls.band.tog_tt14362112	tt14362112	Trolls Band Together	2023	DreamWorks Animation; Universal Pictures	Trolls	34.07		34.07
wish_tt11304740	tt11304740	Wish	2023	Walt Disney Pictures; Walt Disney Animation Studios; Hurwitz Creative	Wish	55.53	59.34	0.00
despicable.me.4_tt7510222	tt7510222	Despicable Me 4	2024	Universal Pictures; Illumination Entertainment	Despicable Me	36.37	40.08	0.00
garfield_tt5779228	tt5779228	The Garfield Movie	2024	Columbia Pictures; Alcon Entertainment; Double Negative (DNEG)	Garfield	11.71	26.14	8.92
imaginary.frien_tt11152168	tt11152168	IF	2024	Paramount Pictures; Sunday Night; Maximum Effort		29.90	0.00	31.13
inside.out.2_tt22022452	tt22022452	Inside Out 2	2024	Walt Disney Pictures; Pixar Animation Studios	Inside Out	79.73	90.17	77.66
kung.fu.panda.4_tt21692408	tt21692408	Kung Fu Panda 4	2024	DreamWorks Animation; China Film Group Corporation (CFGC); Dentsu	Kung Fu Panda	32.23		32.23
moana_tt13622970	tt13622970	Moana 2	2024	Walt Disney Pictures; Walt Disney Animation Studios; Walt Disney Animation Canada	Moana	66.97	67.60	0.00
mufasa.the.lion_tt13186482	tt13186482	Mufasa: The Lion King	2024	Walt Disney Pictures	Lion King	29.77		29.77
transformers.a._tt8864596	tt8864596	Transformers One	2024	Paramount Animation; Hasbro Entertainment; New Republic Pictures	Transformers	15.37		15.37
wild.robot_tt29623480	tt29623480	The Wild Robot	2024	Dentsu; DreamWorks Animation	Wild Robot	35.88		35.88
bad.guys.2_tt30017619	tt30017619	The Bad Guys 2	2025	Universal Pictures; DreamWorks Animation; Scholastic Entertainment	Bad Guys	37.04	84.44	30.59
dog.man_tt10954718	tt10954718	Dog Man	2025	DreamWorks Animation; Dentsu		16.58	50.38	0.00
elio_tt4900148	tt4900148	Elio	2025	Walt Disney Pictures; Pixar Animation Studios		25.59	24.19	29.89
king.of.kings_tt7967302	tt7967302	The King of Kings	2025	Mofac Studios		9.46	9.87	0.00
zootopia.2_tt26443597	tt26443597	Zootopia 2	2025	Walt Disney Pictures; Walt Disney Animation Studios	Zootopia	43.81		43.81
