movie_id	imdb_id	movie_name	imdb_date	production_companies	franchise
snow.white.and._tt0029583	tt0029583	Snow White and the Seven Dwarfs	1937	Walt Disney Animation Studios; Walt Disney Productions	Snow White
gullivers.trave_tt0031397	tt0031397	Gulliver's Travels	1939	Fleischer Studios	Gulliver's Travels
fantasia_tt0032455	tt0032455	Fantasia	1940	Walt Disney Animation Studios; Walt Disney Productions	Disney
pinocchio_tt0032910	tt0032910	Pinocchio	1940	Walt Disney Animation Studios; Walt Disney Productions	Pinocchio
bambi_tt0034492	tt0034492	Bambi	1942	Walt Disney Productions; Walt Disney Animation Studios	Bambi
cinderella_tt0042332	tt0042332	Cinderella	1950	Walt Disney Animation Studios; Walt Disney Productions	Cinderella
alice.in.wonder_tt0043274	tt0043274	Alice in Wonderland	1951	Walt Disney Animation Studios; Walt Disney Productions	Alice in Wonderland
lady.and.the.tr_tt0048280	tt0048280	Lady and the Tramp	1955	Walt Disney Animation Studios; Walt Disney Productions	Lady and the Tramp
sleeping.beauty_tt0053285	tt0053285	Sleeping Beauty	1959	Walt Disney Animation Studios; Walt Disney Productions	Sleeping Beauty
one.hundred.and_tt0055254	tt0055254	One Hundred and One Dalmatians	1961	Walt Disney Animation Studios; Walt Disney Productions	101 Dalmatians
sword.in.the.st_tt0057546	tt0057546	The Sword in the Stone	1963	Walt Disney Animation Studios; Walt Disney Productions	Sword in the Stone
jungle.book_tt0061852	tt0061852	The Jungle Book	1967	Walt Disney Animation Studios; Walt Disney Productions	Jungle Book
a.boy.named.cha_tt0064107	tt0064107	A Boy Named Charlie Brown	1969	Cinema Center Films; Lee Mendelson Film Productions; Bill Melendez Productions	Peanuts
bedknobs.and.br_tt0066817	tt0066817	Bedknobs and Broomsticks	1971	Walt Disney Productions	
robin.hood_tt0070608	tt0070608	Robin Hood	1973	Walt Disney Animation Studios; Walt Disney Productions	Robin Hood
petes.dragon_tt0076538	tt0076538	Pete's Dragon	1977	Walt Disney Productions	Pete's Dragon
rescuers_tt0076618	tt0076618	The Rescuers	1977	Walt Disney Animation Studios; Walt Disney Productions	Rescuers
lord.of.the.rin_tt0077869	tt0077869	The Lord of the Rings	1978	Fantasy Films; Bakshi Productions; Saul Zaentz Film Productions	Lord of the Rings
fox.and.the.hou_tt0082406	tt0082406	The Fox and the Hound	1981	Walt Disney Animation Studios; Walt Disney Productions	Fox and the Hound
black.cauldron_tt0088814	tt0088814	The Black Cauldron	1985	Walt Disney Pictures; Silver Screen Partners II; Walt Disney Animation Studios	
care.bears.movi_tt0088885	tt0088885	The Care Bears Movie	1985	Nelvana; American Greetings Corporation; General Mills	Care Bears
an.american.tai_tt0090633	tt0090633	An American Tail	1986	Universal Pictures; Amblin Entertainment; Sullivan Studios	An American Tail
great.mouse.det_tt0091149	tt0091149	The Great Mouse Detective	1986	Walt Disney Pictures; Silver Screen Partners II; Walt Disney Animation Studios	Great Mouse Detective
land.before.tim_tt0095489	tt0095489	The Land Before Time	1988	Universal Pictures; Amblin Entertainment; Sullivan Bluth Studios	Land Before Time
oliver..company_tt0095776	tt0095776	Oliver & Company	1988	Walt Disney Pictures; Silver Screen Partners III; Walt Disney Animation Studios	Oliver and Company
who.framed.roge_tt0096438	tt0096438	Who Framed Roger Rabbit	1988	Touchstone Pictures; Amblin Entertainment; Silver Screen Partners III	Roger Rabbit
little.mermaid_tt0097757	tt0097757	The Little Mermaid	1989	Walt Disney Pictures; Silver Screen Partners IV; Walt Disney Animation Studios	Little Mermaid
beauty.and.the._tt0101414	tt0101414	Beauty and the Beast	1991	Walt Disney Pictures; Silver Screen Partners IV; Walt Disney Animation Studios	Beauty and the Beast
aladdin_tt0103639	tt0103639	Aladdin	1992	Walt Disney Pictures; Walt Disney Animation Studios; Walt Disney Feature Animation	Aladdin
nightmare.befor_tt0107688	tt0107688	The Nightmare Before Christmas	1993	Walt Disney Pictures; Touchstone Pictures; Tim Burton Productions	Nightmare Before Christmas
lion.king_tt0110357	tt0110357	The Lion King	1994	Walt Disney Pictures; Walt Disney Animation Studios; Walt Disney Feature Animation	Lion King
a.goofy.movie_tt0113198	tt0113198	A Goofy Movie	1995	Walt Disney Pictures; Disney Television Animation; Disneytoon Studios	Disney
pocahontas_tt0114148	tt0114148	Pocahontas	1995	Walt Disney Pictures; Walt Disney Animation Studios; Walt Disney Feature Animation	Pocahontas
toy.story_tt0114709	tt0114709	Toy Story	1995	Walt Disney Pictures; Pixar Animation Studios	Toy Story
beavis.and.butt_tt0115641	tt0115641	Beavis and Butt-Head Do America	1996	Paramount Pictures; MTV Films; MTV Productions	Beavis and Butt-Head
hunchback.of.no_tt0116583	tt0116583	The Hunchback of Notre Dame	1996	Walt Disney Pictures; Walt Disney Animation Studios; Walt Disney Feature Animation	Hunchback of Notre Dame
space.jam_tt0117705	tt0117705	Space Jam	1996	Warner Bros.; Courtside Seats Productions; Northern Lights Entertainment	Looney Tunes
anastasia_tt0118617	tt0118617	Anastasia	1997	Fox Family Films; Fox Animation Studios; The Big Gun Project	Anastasia
a.bugs.life_tt0120623	tt0120623	A Bug's Life	1998	Walt Disney Pictures; Pixar Animation Studios	Bug's Life
antz_tt0120587	tt0120587	Antz	1998	DreamWorks Animation; DreamWorks Pictures; PDI DreamWorks	
mulan_tt0120762	tt0120762	Mulan	1998	Walt Disney Pictures; Walt Disney Animation Studios; Walt Disney Feature Animation Florida	Mulan
pokmon.the.firs_tt0190641	tt0190641	Pokémon: The First Movie - Mewtwo Strikes Back	1998	Oriental Light and Magic (OLM); Shogakukan Production; Tomy	Pokémon
prince.of.egypt_tt0120794	tt0120794	The Prince of Egypt	1998	DreamWorks Pictures; DreamWorks Feature Animation; DreamWorks Animation	
rugrats.movie_tt0134067	tt0134067	The Rugrats Movie	1998	Paramount Pictures; Nickelodeon Movies; Klasky-Csupo	Rugrats
fantasia.2000_tt0120910	tt0120910	Fantasia 2000	1999	Walt Disney Pictures; Walt Disney Animation Studios; Walt Disney Feature Animation	Disney
south.park.bigg_tt0158983	tt0158983	South Park: Bigger, Longer & Uncut	1999	Paramount Pictures; Warner Bros.; Comedy Central	South Park
tarzan_tt0120855	tt0120855	Tarzan	1999	Walt Disney Pictures; Walt Disney Animation Studios; Walt Disney Feature Animation	Tarzan
toy.story.2_tt0120363	tt0120363	Toy Story 2	1999	Walt Disney Pictures; Pixar Animation Studios	Toy Story
chicken.run_tt0120630	tt0120630	Chicken Run	2000	Aardman Animations; DreamWorks Pictures; Pathé	Chicken Run
dinosaur_tt0130623	tt0130623	Dinosaur	2000	Walt Disney Pictures; The Secret Lab (TSL); Walt Disney Animation Studios	Dinosaur
road.to.el.dora_tt0138749	tt0138749	The Road to El Dorado	2000	DreamWorks Pictures; DreamWorks Feature Animation; DreamWorks Animation	Road to El Dorado
atlantis.the.lo_tt0230011	tt0230011	Atlantis: The Lost Empire	2001	Walt Disney Pictures; Eastman Film; Walt Disney Animation Studios	Atlantis: The Lost Empire
monsters.inc._tt0198781	tt0198781	Monsters, Inc.	2001	Walt Disney Pictures; Pixar Animation Studios	Monsters, Inc.
shrek_tt0126029	tt0126029	Shrek	2001	DreamWorks Animation; DreamWorks Pictures; PDI DreamWorks	Shrek
ice.age_tt0268380	tt0268380	Ice Age	2002	20th Century Fox; Blue Sky Studios; 20th Century Fox Animation	Ice Age
lilo..stitch_tt0275847	tt0275847	Lilo & Stitch	2002	Walt Disney Pictures; Walt Disney Animation Studios; Walt Disney Feature Animation Florida	Lilo & Stitch
spirit.stallion_tt0166813	tt0166813	Spirit: Stallion of the Cimarron	2002	DreamWorks Pictures; DreamWorks Animation; DreamWorks Feature Animation	Spirit: Stallion of the Cimarron
brother.bear_tt0328880	tt0328880	Brother Bear	2003	Walt Disney Pictures; Walt Disney Animation Studios; Walt Disney Feature Animation Florida	Brother Bear
finding.nemo_tt0266543	tt0266543	Finding Nemo	2003	Walt Disney Pictures; Pixar Animation Studios	Finding Nemo
incredibles_tt0317705	tt0317705	The Incredibles	2004	Walt Disney Pictures; Pixar Animation Studios	Incredibles
polar.express_tt0338348	tt0338348	The Polar Express	2004	Castle Rock Entertainment; Shangri-La Entertainment; Playtone	Polar Express
shark.tale_tt0307453	tt0307453	Shark Tale	2004	DreamWorks Animation	Shark Tale
shrek.2_tt0298148	tt0298148	Shrek 2	2004	DreamWorks Pictures; DreamWorks Animation; PDI DreamWorks	Shrek
spongebob.squar_tt0345950	tt0345950	The SpongeBob SquarePants Movie	2004	Paramount Pictures; Nickelodeon Movies; United Plankton Pictures	SpongeBob SquarePants
chicken.little_tt0371606	tt0371606	Chicken Little	2005	Walt Disney Pictures; Walt Disney Animation Studios; Walt Disney Feature Animation	Chicken Little
corpse.bride_tt0121164	tt0121164	Corpse Bride	2005	Warner Bros.; Tim Burton Productions; Laika Entertainment	
madagascar_tt0351283	tt0351283	Madagascar	2005	DreamWorks Animation; PDI DreamWorks	Madagascar
robots_tt0358082	tt0358082	Robots	2005	20th Century Fox Animation; Blue Sky Studios	Robots
wallace..gromit_tt0312004	tt0312004	Wallace & Gromit: The Curse of the Were-Rabbit	2005	DreamWorks Animation; Aardman Animations	Wallace and Gromit
barnyard_tt0414853	tt0414853	Barnyard	2006	Paramount Pictures; Nickelodeon Movies; O Entertainment	Barnyard
cars_tt0317219	tt0317219	Cars	2006	Walt Disney Pictures; Pixar Animation Studios	Cars
flushed.away_tt0424095	tt0424095	Flushed Away	2006	DreamWorks Animation; Aardman Animations	Flushed Away
happy.feet_tt0366548	tt0366548	Happy Feet	2006	Warner Bros.; Village Roadshow Pictures; Kennedy Miller Productions	Happy Feet
ice.age.the.mel_tt0438097	tt0438097	Ice Age: The Meltdown	2006	20th Century Fox Animation; Blue Sky Studios	Ice Age
monster.house_tt0385880	tt0385880	Monster House	2006	Columbia Pictures; Relativity Media; ImageMovers	Monster House
open.season_tt0400717	tt0400717	Open Season	2006	Columbia Pictures; Sony Pictures Animation	Open Season
over.the.hedge_tt0327084	tt0327084	Over the Hedge	2006	DreamWorks Animation	Over the Hedge
alvin.and.the.c_tt0952640	tt0952640	Alvin and the Chipmunks	2007	Fox 2000 Pictures; Regency Enterprises; Bagdasarian Productions	Alvin And The Chipmunks
bee.movie_tt0389790	tt0389790	Bee Movie	2007	DreamWorks Animation; Columbus 81 Productions	Bee Movie
beowulf_tt0442933	tt0442933	Beowulf	2007	Shangri-La Entertainment; ImageMovers	Beowulf
enchanted_tt0461770	tt0461770	Enchanted	2007	Walt Disney Pictures; Josephson Entertainment; Andalasia Productions	Enchanted
meet.the.robins_tt0396555	tt0396555	Meet the Robinsons	2007	Walt Disney Pictures; Walt Disney Animation Studios	Meet the Robinsons
ratatouille_tt0382932	tt0382932	Ratatouille	2007	Walt Disney Pictures; Pixar Animation Studios	Ratatouille
shrek.the.third_tt0413267	tt0413267	Shrek the Third	2007	DreamWorks Animation; Pacific Data Images (PDI)	Shrek
simpsons.movie_tt0462538	tt0462538	The Simpsons Movie	2007	20th Century Fox; Gracie Films; The Curiosity Company	Simpsons
surfs.up_tt0423294	tt0423294	Surf's Up	2007	Columbia Pictures; Sony Pictures Animation	Surf's Up
tmnt_tt0453556	tt0453556	TMNT	2007	Imagi Animation Studios; The Weinstein Company; Warner Bros.	Teenage Mutant Ninja Turtles
bolt_tt0397892	tt0397892	Bolt	2008	Walt Disney Pictures; Walt Disney Animation Studios	Bolt
horton.hears.a._tt0451079	tt0451079	Horton Hears a Who!	2008	20th Century Fox Animation; Blue Sky Studios	Dr. Seuss
kung.fu.panda_tt0441773	tt0441773	Kung Fu Panda	2008	DreamWorks Animation; Dragon Warrior Media	Kung Fu Panda
madagascar.esca_tt0479952	tt0479952	Madagascar: Escape 2 Africa	2008	DreamWorks Animation; Pacific Data Images (PDI)	Madagascar
walle_tt0910970	tt0910970	WALL·E	2008	Walt Disney Pictures; Pixar Animation Studios; FortyFour Studios	WALL-E
a.christmas.car_tt1067106	tt1067106	A Christmas Carol	2009	Walt Disney Pictures; ImageMovers Digital; ImageMovers	Christmas Carol
alvin.and.the.c_tt1231580	tt1231580	Alvin and the Chipmunks: The Squeakquel	2009	Fox 2000 Pictures; Regency Enterprises; Bagdasarian Productions	Alvin And The Chipmunks
cloudy.with.a.c_tt0844471	tt0844471	Cloudy with a Chance of Meatballs	2009	Columbia Pictures; Sony Pictures Animation	Cloudy with a Chance of Meatballs
coraline_tt0327597	tt0327597	Coraline	2009	Focus Features; Laika Entertainment; Pandemonium	Coraline
gforce_tt0436339	tt0436339	G-Force	2009	Walt Disney Pictures; Jerry Bruckheimer Films; Whamaphram Productions	G-Force
ice.age.dawn.of_tt1080016	tt1080016	Ice Age: Dawn of the Dinosaurs	2009	20th Century Fox Animation; Blue Sky Studios	Ice Age
monsters.vs..al_tt0892782	tt0892782	Monsters vs. Aliens	2009	DreamWorks Animation	Monsters vs. Aliens
princess.and.th_tt0780521	tt0780521	The Princess and the Frog	2009	Walt Disney Pictures; Walt Disney Animation Studios	Princess and the Frog
up_tt1049413	tt1049413	Up	2009	Walt Disney Pictures; Pixar Animation Studios	Up
despicable.me_tt1323594	tt1323594	Despicable Me	2010	Universal Pictures; Illumination Entertainment	Despicable Me
how.to.train.yo_tt0892769	tt0892769	How to Train Your Dragon	2010	DreamWorks Animation	How to Train Your Dragon
megamind_tt1001526	tt1001526	Megamind	2010	DreamWorks Animation; Pacific Data Images (PDI); Red Hour Films	Megamind
shrek.forever.a_tt0892791	tt0892791	Shrek Forever After	2010	DreamWorks Animation; Cinemand; Legendary Digital Media	Shrek
tangled_tt0398286	tt0398286	Tangled	2010	Walt Disney Pictures; Walt Disney Animation Studios	Tangled
toy.story.3_tt0435761	tt0435761	Toy Story 3	2010	Walt Disney Pictures; Pixar Animation Studios	Toy Story
alvin.and.the.c_tt1615918	tt1615918	Alvin and the Chipmunks: Chipwrecked	2011	Fox 2000 Pictures; Regency Enterprises; Bagdasarian Productions	Alvin And The Chipmunks
cars.2_tt1216475	tt1216475	Cars 2	2011	Walt Disney Pictures; Pixar Animation Studios	Cars
gnomeo..juliet_tt0377981	tt0377981	Gnomeo & Juliet	2011	Touchstone Pictures; Rocket Pictures	Gnomeo & Juliet
hop_tt1411704	tt1411704	Hop	2011	Universal Pictures; Relativity Media; Illumination Entertainment	
kung.fu.panda.2_tt1302011	tt1302011	Kung Fu Panda 2	2011	DreamWorks Animation	Kung Fu Panda
puss.in.boots_tt0448694	tt0448694	Puss in Boots	2011	DreamWorks Animation	Shrek
rango_tt1192628	tt1192628	Rango	2011	Paramount Pictures; Nickelodeon Movies; Blind Wink Productions	Rango
rio_tt1436562	tt1436562	Rio	2011	20th Century Fox Animation; Blue Sky Studios	Rio
smurfs_tt0472181	tt0472181	The Smurfs	2011	Columbia Pictures; Sony Pictures Animation; Kerner Entertainment Company	Smurfs
brave_tt1217209	tt1217209	Brave	2012	Walt Disney Pictures; Pixar Animation Studios	Brave
hotel.transylva_tt0837562	tt0837562	Hotel Transylvania	2012	Columbia Pictures; Sony Pictures Animation; Happy Madison Productions	Hotel Transylvania
ice.age.contine_tt1667889	tt1667889	Ice Age: Continental Drift	2012	20th Century Fox Animation; Blue Sky Studios; FortyFour Studios	Ice Age
lorax_tt1482459	tt1482459	The Lorax	2012	Universal Pictures; Illumination Entertainment; Dr. Seuss Enterprises	Dr. Seuss
madagascar.3.eu_tt1277953	tt1277953	Madagascar 3: Europe's Most Wanted	2012	DreamWorks Animation; Pacific Data Images (PDI)	Madagascar
rise.of.the.gua_tt1446192	tt1446192	Rise of the Guardians	2012	DreamWorks Animation	Rise of the Guardians
wreckit.ralph_tt1772341	tt1772341	Wreck-It Ralph	2012	Walt Disney Animation Studios; Walt Disney Pictures	Wreck-It Ralph
cloudy.with.a.c_tt1985966	tt1985966	Cloudy with a Chance of Meatballs 2	2013	Columbia Pictures; Sony Pictures Animation; Legendary Digital Media	Cloudy with a Chance of Meatballs
croods_tt0481499	tt0481499	The Croods	2013	DreamWorks Animation	Croods
despicable.me.2_tt1690953	tt1690953	Despicable Me 2	2013	Universal Pictures; Illumination Entertainment	Despicable Me
epic_tt0848537	tt0848537	Epic	2013	20th Century Fox Animation; Blue Sky Studios; House of Cool Studios	
frozen_tt2294629	tt2294629	Frozen	2013	Walt Disney Pictures; Walt Disney Animation Studios	Frozen
monsters.univer_tt1453405	tt1453405	Monsters University	2013	Walt Disney Pictures; Pixar Animation Studios	Monsters, Inc.
planes_tt1691917	tt1691917	Planes	2013	Walt Disney Pictures; Alaska Animated Films; Disneytoon Studios	Cars
smurfs.2_tt2017020	tt2017020	The Smurfs 2	2013	Columbia Pictures; Sony Pictures Animation; Hemisphere Media Capital	Smurfs
turbo_tt1860353	tt1860353	Turbo	2013	DreamWorks Animation	Turbo
big.hero.6_tt2245084	tt2245084	Big Hero 6	2014	Walt Disney Pictures; Walt Disney Animation Studios	Big Hero 6
how.to.train.yo_tt1646971	tt1646971	How to Train Your Dragon 2	2014	DreamWorks Animation; Mad Hatter Entertainment	How to Train Your Dragon
lego.movie_tt1490017	tt1490017	The Lego Movie	2014	Warner Bros.; Village Roadshow Pictures; RatPac-Dune Entertainment	LEGO Movie
mr..peabody..sh_tt0864835	tt0864835	Mr. Peabody & Sherman	2014	Bullwinkle Studios; Classic Media Productions; DreamWorks Animation	Rocky and Bullwinkle
nut.job_tt1821658	tt1821658	The Nut Job	2014	Endgame Entertainment; Gulfstream Pictures; Open Road Films (II)	Nut Job
penguins.of.mad_tt1911658	tt1911658	Penguins of Madagascar	2014	DreamWorks Animation; Pacific Data Images (PDI)	Madagascar
rio.2_tt2357291	tt2357291	Rio 2	2014	20th Century Fox Animation; Blue Sky Studios; FortyFour Studios	Rio
tmnt_2014	tt1291150	Teenage Mutant Ninja Turtles	2014	Paramount Pictures; Nickelodeon Movies; Platinum Dunes	Teenage Mutant Ninja Turtles
good.dinosaur_tt1979388	tt1979388	The Good Dinosaur	2015	Walt Disney Pictures; Pixar Animation Studios	Good Dinosaur
home_tt2224026	tt2224026	Home	2015	DreamWorks Animation	Home
hotel.transylva_tt2510894	tt2510894	Hotel Transylvania 2	2015	Columbia Pictures; Sony Pictures Animation; LStar Capital	Hotel Transylvania
inside.out_tt2096673	tt2096673	Inside Out	2015	Walt Disney Pictures; Pixar Animation Studios	Inside Out
minions_tt2293640	tt2293640	Minions	2015	Universal Pictures; Illumination Entertainment	Despicable Me
peanuts.movie_tt2452042	tt2452042	The Peanuts Movie	2015	20th Century Fox Animation; Blue Sky Studios; Feigco Entertainment	Peanuts
angry.birds.mov_tt1985949	tt1985949	The Angry Birds Movie	2016	Columbia Pictures; Rovio Entertainment	Angry Birds
finding.dory_tt2277860	tt2277860	Finding Dory	2016	Walt Disney Pictures; Pixar Animation Studios	Finding Nemo
ice.age.collisi_tt3416828	tt3416828	Ice Age: Collision Course	2016	20th Century Fox Animation; Blue Sky Studios; FortyFour Studios	Ice Age
jungle_book	tt3040964	The Jungle Book	2016	Walt Disney Pictures; Fairview Entertainment; Moving Picture Company (MPC)	Jungle Book
kung.fu.panda.3_tt2267968	tt2267968	Kung Fu Panda 3	2016	DreamWorks Animation; China Film Co., Ltd.; Oriental DreamWorks	Kung Fu Panda
moana_tt3521164	tt3521164	Moana	2016	Walt Disney Pictures; Walt Disney Animation Studios; Hurwitz Creative	Moana
sausage.party_tt1700841	tt1700841	Sausage Party	2016	Annapurna Pictures; Columbia Pictures; Nitrogen Studios Canada	Sausage Party
secret.life.of._tt2709768	tt2709768	The Secret Life of Pets	2016	Universal Pictures; Illumination Entertainment; Dentsu	Secret Life of Pets
sing_tt3470600	tt3470600	Sing	2016	Universal Pictures; Illumination Entertainment; Dentsu	Sing
storks_tt4624424	tt4624424	Storks	2016	Warner Bros.; Lord Miller; RatPac-Dune Entertainment	Storks
trolls_tt1679335	tt1679335	Trolls	2016	DreamWorks Animation	Trolls
zootopia_tt2948356	tt2948356	Zootopia	2016	Walt Disney Pictures; Walt Disney Animation Studios	Zootopia
boss.baby_tt3874544	tt3874544	The Boss Baby	2017	DreamWorks Animation	Boss Baby
captain.underpa_tt2091256	tt2091256	Captain Underpants: The First Epic Movie	2017	DreamWorks Animation	Captain Underpants
cars.3_tt3606752	tt3606752	Cars 3	2017	Walt Disney Pictures; Pixar Animation Studios	Cars
coco_tt2380307	tt2380307	Coco	2017	Walt Disney Pictures; Pixar Animation Studios; Día de Muertos	Coco
despicable.me.3_tt3469046	tt3469046	Despicable Me 3	2017	Illumination Entertainment; Universal Pictures	Despicable Me
emoji.movie_tt4877122	tt4877122	The Emoji Movie	2017	Columbia Pictures; Sony Pictures Animation; LStar Capital	Emoji Movie
lego.batman.mov_tt4116284	tt4116284	The Lego Batman Movie	2017	Animal Logic; DC Entertainment; DC Films	
lego.ninjago.mo_tt3014284	tt3014284	The Lego Ninjago Movie	2017	Animal Logic; LEGO System A/S; Lin Pictures	LEGO Ninjago
grinch_tt2709692	tt2709692	The Grinch	2018	Universal Pictures; Illumination Entertainment; Dr. Seuss Enterprises	Grinch
hotel.transylva_tt5220122	tt5220122	Hotel Transylvania 3: Summer Vacation	2018	Sony Pictures Animation; Media Rights Capital (MRC); Rough Draft Korea	Hotel Transylvania
incredibles.2_tt3606756	tt3606756	Incredibles 2	2018	Walt Disney Pictures; Pixar Animation Studios	Incredibles
peter_rabbit	tt5117670	Peter Rabbit	2018	Columbia Pictures; 2.0 Entertainment; Animal Logic	Peter Rabbit
ralph.breaks.th_tt5848272	tt5848272	Ralph Breaks the Internet	2018	Walt Disney Pictures; Walt Disney Animation Studios	Wreck-It Ralph
smallfoot_tt6182908	tt6182908	Smallfoot	2018	Warner Bros.; Zaftig Films; Warner Bros. Animation	Smallfoot
spiderman.into._tt4633694	tt4633694	Spider-Man: Into the Spider-Verse	2018	Columbia Pictures; Marvel Entertainment; Sony Pictures Animation	Spider-Man
abominable_tt6324278	tt6324278	Abominable	2019	DreamWorks Animation; Pearl Studio; China Film Co-Production	Abominable
addams.family_tt1620981	tt1620981	The Addams Family	2019	Metro-Goldwyn-Mayer (MGM); Cinesite Animation; BRON Studios	Addams Family
frozen.ii_tt4520988	tt4520988	Frozen II	2019	Walt Disney Pictures; Walt Disney Animation Studios	Frozen
how.to.train.yo_tt2386490	tt2386490	How to Train Your Dragon: The Hidden World	2019	DreamWorks Animation	How to Train Your Dragon
lego.movie.2.th_tt3513498	tt3513498	The Lego Movie 2: The Second Part	2019	Warner Bros.; Warner Bros. Pictures Animation; LEGO System A/S	LEGO Movie
lion.king_tt6105098	tt6105098	The Lion King	2019	Walt Disney Pictures; Fairview Entertainment	Lion King
secret.life.of._tt5113040	tt5113040	The Secret Life of Pets 2	2019	Universal Pictures; Illumination Entertainment; Dentsu	Secret Life of Pets
spies.in.disgui_tt5814534	tt5814534	Spies in Disguise	2019	20th Century Fox Animation; 20th Century Fox; Blue Sky Studios	
toy.story.4_tt1979376	tt1979376	Toy Story 4	2019	Walt Disney Pictures; Pixar Animation Studios	Toy Story
weathering.with_tt9426210	tt9426210	Weathering with You	2019	"Weathering With You" Film Partners, Beijing Enlight Pictures, China Film Group Corporation (CFGC)	
croods.a.new.ag_tt2850386	tt2850386	The Croods: A New Age	2020	DreamWorks Animation; Dentsu	Croods
onward_tt7146812	tt7146812	Onward	2020	Walt Disney Pictures; Pixar Animation Studios	Onward
addams.family.2_tt11125620	tt11125620	The Addams Family 2	2021	BRON Studios; BermanBraun; Bron Creative	Addams Family
boss.baby.2.fam_tt6932874	tt6932874	The Boss Baby: Family Business	2021	DreamWorks Animation	Boss Baby
encanto_tt2953050	tt2953050	Encanto	2021	Walt Disney Pictures; Walt Disney Animation Studios; Hurwitz Creative	Encanto
paw.patrol.the._tt11832046	tt11832046	PAW Patrol: The Movie	2021	Paramount Pictures; Spin Master Entertainment; Nickelodeon Movies	PAW Patrol
peter_rabbit_2	tt8376234	Peter Rabbit 2: The Runaway	2021	Columbia Pictures; 2.0 Entertainment; Animal Logic	Peter Rabbit
raya.and.the.la_tt5109280	tt5109280	Raya and the Last Dragon	2021	Walt Disney Pictures; Walt Disney Animation Studios	Raya and the Last Dragon
rons.gone.wrong_tt7504818	tt7504818	Ron's Gone Wrong	2021	20th Century Studios; TSG Entertainment; Locksmith Animation	
sing.2_tt6467266	tt6467266	Sing 2	2021	Universal Pictures; Illumination Entertainment; Dentsu	Sing
space.jam.a.new_tt3554046	tt3554046	Space Jam: A New Legacy	2021	Warner Bros.; Warner Bros. Pictures Animation; Proximity Media	Looney Tunes
spirit.untamed_tt11084896	tt11084896	Spirit Untamed	2021	DreamWorks Animation; Jellyfish Pictures	Spirit: Stallion of the Cimarron
bad.guys_tt8115900	tt8115900	The Bad Guys	2022	DreamWorks Animation	Bad Guys
bobs.burgers.mo_tt7466442	tt7466442	The Bob's Burgers Movie	2022	20th Century Studios; 20th Century Animation; 20th Television Animation	Bob's Burgers
dc.league.of.su_tt8912936	tt8912936	DC League of Super-Pets	2022	Warner Bros.; Warner Bros. Pictures Animation; DC Entertainment	DC Universe
lightyear_tt10298810	tt10298810	Lightyear	2022	Walt Disney Pictures; Pixar Animation Studios	Toy Story
minions.the.ris_tt5113044	tt5113044	Minions: The Rise of Gru	2022	Universal Pictures; Illumination Entertainment	Despicable Me
puss.in.boots.t_tt3915174	tt3915174	Puss in Boots: The Last Wish	2022	DreamWorks Animation; Dentsu	Shrek
strange.world_tt10298840	tt10298840	Strange World	2022	Walt Disney Pictures; Walt Disney Animation Studios; Hurwitz Creative	
elemental_tt15789038	tt15789038	Elemental	2023	Walt Disney Pictures; Pixar Animation Studios; Hurwitz Creative	
migration_tt6495056	tt6495056	Migration	2023	Universal Pictures; Illumination Entertainment; Dentsu	
paw.patrol.the._tt15837338	tt15837338	PAW Patrol: The Mighty Movie	2023	Spin Master Entertainment; Nickelodeon Movies; Paramount Pictures	PAW Patrol
spiderman.acros_tt9362722	tt9362722	Spider-Man: Across the Spider-Verse	2023	Columbia Pictures; Marvel Entertainment; Sony Pictures Animation	Spider-Man
super.mario.bro_tt6718170	tt6718170	The Super Mario Bros. Movie	2023	Universal Pictures; Nintendo; Illumination Entertainment	Super Mario Bros.
teenage.mutant._tt8589698	tt8589698	Teenage Mutant Ninja Turtles: Mutant Mayhem	2023	Image Comics; Mikros Animation; Nickelodeon Animation Studios	Teenage Mutant Ninja Turtles
trolls.band.tog_tt14362112	tt14362112	Trolls Band Together	2023	DreamWorks Animation; Universal Pictures	Trolls
wish_tt11304740	tt11304740	Wish	2023	Walt Disney Pictures; Walt Disney Animation Studios; Hurwitz Creative	Wish
despicable.me.4_tt7510222	tt7510222	Despicable Me 4	2024	Universal Pictures; Illumination Entertainment	Despicable Me
garfield_tt5779228	tt5779228	The Garfield Movie	2024	Columbia Pictures; Alcon Entertainment; Double Negative (DNEG)	Garfield
imaginary.frien_tt11152168	tt11152168	IF	2024	Paramount Pictures; Sunday Night; Maximum Effort	
inside.out.2_tt22022452	tt22022452	Inside Out 2	2024	Walt Disney Pictures; Pixar Animation Studios	Inside Out
kung.fu.panda.4_tt21692408	tt21692408	Kung Fu Panda 4	2024	DreamWorks Animation; China Film Group Corporation (CFGC); Dentsu	Kung Fu Panda
moana_tt13622970	tt13622970	Moana 2	2024	Walt Disney Pictures; Walt Disney Animation Studios; Walt Disney Animation Canada	Moana
mufasa.the.lion_tt13186482	tt13186482	Mufasa: The Lion King	2024	Walt Disney Pictures	Lion King
transformers.a._tt8864596	tt8864596	Transformers One	2024	Paramount Animation; Hasbro Entertainment; New Republic Pictures	Transformers
wild.robot_tt29623480	tt29623480	The Wild Robot	2024	Dentsu; DreamWorks Animation	Wild Robot
bad.guys.2_tt30017619	tt30017619	The Bad Guys 2	2025	Universal Pictures; DreamWorks Animation; Scholastic Entertainment	Bad Guys
dog.man_tt10954718	tt10954718	Dog Man	2025	DreamWorks Animation; Dentsu	
elio_tt4900148	tt4900148	Elio	2025	Walt Disney Pictures; Pixar Animation Studios	
king.of.kings_tt7967302	tt7967302	The King of Kings	2025	Mofac Studios	
zootopia.2_tt26443597	tt26443597	Zootopia 2	2025	Walt Disney Pictures; Walt Disney Animation Studios	Zootopia