movie_id	year	ratio_all	ratio_fem	ratio_all_human	ratio_fem_human
a.boy.named.cha_tt0064107	1969	0.234921	0.578125	0.234921	0.578125
a.bugs.life_tt0120623	1998	0.331194	0.518593	0.000000	
a.christmas.car_tt1067106	2009	0.078431	0.452830	0.078431	0.452830
a.goofy.movie_tt0113198	1995	0.067613	0.320158	0.000000	
abominable_tt6324278	2019	0.086401	0.115230	0.086401	0.115230
addams.family.2_tt11125620	2021	0.284660	0.418577	0.284660	0.418577
addams.family_tt1620981	2019	0.402202	0.587871	0.402202	0.587871
aladdin_tt0103639	1992	0.013120	0.041570	0.013120	0.041570
alice.in.wonder_tt0043274	1951	0.125000	0.173709	0.104730	0.145882
alvin.and.the.c_tt0952640	2007	0.000000		0.000000	
alvin.and.the.c_tt1231580	2009	0.181388	0.703364	0.000000	
alvin.and.the.c_tt1615918	2011	0.263158	0.590015	0.000000	
an.american.tai_tt0090633	1986	0.111511	0.293375	0.000000	
anastasia_tt0118617	1997	0.183046	0.285047	0.183046	0.285047
angry.birds.mov_tt1985949	2016	0.210250	0.507736	0.000000	
antz_tt0120587	1998	0.123784	0.246046	0.000000	
atlantis.the.lo_tt0230011	2001	0.096041	0.209265	0.096041	0.209265
bad.guys.2_tt30017619	2025	0.134973	0.258621	0.011998	0.089286
bad.guys_tt8115900	2022	0.076046	0.182927	0.000000	
bambi_tt0034492	1942	0.080617	0.267045	0.000000	
barnyard_tt0414853	2006	0.104184	0.282851	0.006563	0.163265
beauty.and.the._tt0101414	1991	0.083596	0.146611	0.023659	0.049505
beavis.and.butt_tt0115641	1996	0.034703	0.122977	0.034703	0.122977
bedknobs.and.br_tt0066817	1971	0.000000		0.000000	
bee.movie_tt0389790	2007	0.106352	0.218513	0.047267	0.131959
beowulf_tt0442933	2007	0.077751	0.213816	0.077751	0.213816
big.hero.6_tt2245084	2014	0.133595	0.392308	0.133595	0.392308
black.cauldron_tt0088814	1985	0.058380	0.151589	0.048964	0.134715
bobs.burgers.mo_tt7466442	2022	0.474156	0.588537	0.474156	0.588537
bolt_tt0397892	2008	0.069514	0.115760	0.052764	0.189189
boss.baby.2.fam_tt6932874	2021	0.278550	0.435728	0.278550	0.435728
boss.baby_tt3874544	2017	0.027253	0.119804	0.027253	0.119804
brave_tt1217209	2012	0.408219	0.489327	0.235616	0.298094
brother.bear_tt0328880	2003	0.006200	0.072165	0.000000	0.000000
captain.underpa_tt2091256	2017	0.068412	0.284211	0.068412	0.284211
care.bears.movi_tt0088885	1985	0.444641	0.637056	0.007086	0.022346
cars.2_tt1216475	2011	0.114255	0.303468	0.000000	
cars.3_tt3606752	2017	0.117907	0.197884	0.000000	
cars_tt0317219	2006	0.152934	0.328859	0.000000	
chicken.little_tt0371606	2005	0.019520	0.058427	0.000000	
chicken.run_tt0120630	2000	0.307398	0.414802	0.000000	0.000000
cinderella_tt0042332	1950	0.256318	0.474124	0.169675	0.373016
cloudy.with.a.c_tt0844471	2009	0.132225	0.276033	0.132225	0.276033
cloudy.with.a.c_tt1985966	2013	0.078089	0.167208	0.021228	0.057377
coco_tt2380307	2017	0.240964	0.467405	0.240964	0.467405
coraline_tt0327597	2009	0.244233	0.265291	0.244233	0.265291
corpse.bride_tt0121164	2005	0.183376	0.257521	0.148243	0.222365
croods.a.new.ag_tt2850386	2020	0.360792	0.591623	0.360792	0.591623
croods_tt0481499	2013	0.393745	0.574269	0.393745	0.574269
dc.league.of.su_tt8912936	2022	0.133711	0.243550	0.017564	0.118321
despicable.me.2_tt1690953	2013	0.175105	0.332888	0.175105	0.332888
despicable.me.3_tt3469046	2017	0.152672	0.401786	0.152672	0.401786
despicable.me.4_tt7510222	2024	0.181278	0.341737	0.181278	0.341737
despicable.me_tt1323594	2010	0.309229	0.704867	0.309229	0.704867
dinosaur_tt0130623	2000	0.081766	0.185185	0.000000	
dog.man_tt10954718	2025	0.032480	0.123515	0.032480	0.123515
elemental_tt15789038	2023	0.440841	0.493611	0.000000	
elio_tt4900148	2025	0.059636	0.139456	0.016727	0.054502
emoji.movie_tt4877122	2017	0.091935	0.140049	0.020968	0.046679
encanto_tt2953050	2021	0.502528	0.584989	0.487990	0.568902
enchanted_tt0461770	2007	0.014066	0.125749	0.002679	0.025157
epic_tt0848537	2013	0.047710	0.093284	0.043893	0.088010
fantasia.2000_tt0120910	1999	0.000000	0.000000	0.000000	
fantasia_tt0032455	1940	0.000000		0.000000	
finding.dory_tt2277860	2016	0.324957	0.441176	0.000000	
finding.nemo_tt0266543	2003	0.070064	0.127168	0.000000	0.000000
flushed.away_tt0424095	2006	0.038251	0.078652	0.000000	
fox.and.the.hou_tt0082406	1981	0.050314	0.137255	0.000000	0.000000
frozen.ii_tt4520988	2019	0.409326	0.535593	0.407599	0.534541
frozen_tt2294629	2013	0.332362	0.435115	0.298834	0.398445
garfield_tt5779228	2024	0.003724	0.019048	0.000621	0.009259
gforce_tt0436339	2009	0.000000	0.000000	0.000000	
gnomeo..juliet_tt0377981	2011	0.096226	0.224340	0.024528	0.061514
good.dinosaur_tt1979388	2015	0.029778	0.160448	0.000000	
great.mouse.det_tt0091149	1986	0.058676	0.159091	0.000000	
grinch_tt2709692	2018	0.108280	0.338068	0.108280	0.338068
gullivers.trave_tt0031397	1939	0.000000		0.000000	
happy.feet_tt0366548	2006	0.239102	0.480106	0.000000	
home_tt2224026	2015	0.090650	0.161914	0.090650	0.161914
hop_tt1411704	2011	0.000000		0.000000	
horton.hears.a._tt0451079	2008	0.134932	0.372401	0.010959	0.076190
hotel.transylva_tt0837562	2012	0.065700	0.166667	0.019625	0.065903
hotel.transylva_tt2510894	2015	0.159462	0.316794	0.128722	0.282105
hotel.transylva_tt5220122	2018	0.138606	0.242134	0.079875	0.155963
how.to.train.yo_tt0892769	2010	0.062338	0.234146	0.062338	0.234146
how.to.train.yo_tt1646971	2014	0.094340	0.220913	0.051572	0.130159
how.to.train.yo_tt2386490	2019	0.116564	0.263889	0.088957	0.302872
hunchback.of.no_tt0116583	1996	0.005344	0.012520	0.000000	0.000000
ice.age.collisi_tt3416828	2016	0.255401	0.466197	0.000000	
ice.age.contine_tt1667889	2012	0.193617	0.438907	0.000000	
ice.age.dawn.of_tt1080016	2009	0.013524	0.033333	0.000000	
ice.age.the.mel_tt0438097	2006	0.011747	0.043956	0.000000	
ice.age_tt0268380	2002	0.011931	0.036281	0.000000	
imaginary.frien_tt11152168	2024	0.038496	0.200000	0.000000	
incredibles.2_tt3606756	2018	0.233554	0.326909	0.233554	0.326909
incredibles_tt0317705	2004	0.151122	0.308554	0.151122	0.308554
inside.out.2_tt22022452	2024	0.694915	0.784400	0.141460	0.384752
inside.out_tt2096673	2015	0.585048	0.649657	0.112483	0.374429
jungle.book_tt0061852	1967	0.000000	0.000000	0.000000	0.000000
jungle_book	2016	0.000000	0.000000	0.000000	
king.of.kings_tt7967302	2025	0.045221	0.141935	0.045221	0.141935
kung.fu.panda.2_tt1302011	2011	0.107505	0.270869	0.000000	
kung.fu.panda.3_tt2267968	2016	0.212725	0.514774	0.000000	
kung.fu.panda.4_tt21692408	2024	0.093471	0.180611	0.000000	
kung.fu.panda_tt0441773	2008	0.076593	0.353135	0.000000	
lady.and.the.tr_tt0048280	1955	0.056443	0.090753	0.000000	0.000000
land.before.tim_tt0095489	1988	0.129848	0.202632	0.000000	
lego.batman.mov_tt4116284	2017	0.077594	0.227151	0.077594	0.227151
lego.movie.2.th_tt3513498	2019	0.134799	0.276200	0.050669	0.126492
lego.movie_tt1490017	2014	0.059678	0.176651	0.001038	0.004016
lego.ninjago.mo_tt3014284	2017	0.030086	0.106599	0.030086	0.106599
lightyear_tt10298810	2022	0.085163	0.249216	0.079807	0.256897
lilo..stitch_tt0275847	2002	0.358705	0.460674	0.349956	0.511509
lion.king_tt0110357	1994	0.107143	0.286047	0.000000	
lion.king_tt6105098	2019	0.090778	0.231618	0.000000	
little.mermaid_tt0097757	1989	0.116386	0.190238	0.080398	0.136187
lorax_tt1482459	2012	0.119938	0.280510	0.119159	0.386364
lord.of.the.rin_tt0077869	1978	0.000000	0.000000	0.000000	0.000000
madagascar.3.eu_tt1277953	2012	0.090184	0.183980	0.000000	0.000000
madagascar.esca_tt0479952	2008	0.029762	0.082742	0.000000	
madagascar_tt0351283	2005	0.001797	0.005666	0.000000	0.000000
meet.the.robins_tt0396555	2007	0.056132	0.217494	0.056132	0.217494
megamind_tt1001526	2010	0.000000	0.000000	0.000000	0.000000
migration_tt6495056	2023	0.405631	0.587613	0.000000	
minions.the.ris_tt5113044	2022	0.026005	0.125000	0.026005	0.125000
minions_tt2293640	2015	0.069231	0.204030	0.069231	0.204030
moana_tt13622970	2024	0.364221	0.476832	0.364221	0.476832
moana_tt3521164	2016	0.175683	0.230769	0.175683	0.230769
monster.house_tt0385880	2006	0.043836	0.078303	0.043836	0.078303
monsters.inc._tt0198781	2001	0.012482	0.034343	0.000000	0.000000
monsters.univer_tt1453405	2013	0.023311	0.105121	0.000000	
monsters.vs..al_tt0892782	2009	0.072951	0.119143	0.072951	0.119143
mr..peabody..sh_tt0864835	2014	0.135544	0.272069	0.135544	0.272069
mufasa.the.lion_tt13186482	2024	0.157779	0.323838	0.000000	
mulan_tt0120762	1998	0.117877	0.187578	0.117877	0.187578
nightmare.befor_tt0107688	1993	0.015666	0.040541	0.000000	0.000000
nut.job_tt1821658	2014	0.110956	0.235207	0.001396	0.032258
oliver..company_tt0095776	1988	0.075905	0.176955	0.000000	0.000000
one.hundred.and_tt0055254	1961	0.140509	0.256372	0.041906	0.149123
onward_tt7146812	2020	0.082261	0.302469	0.020705	0.091133
open.season_tt0400717	2006	0.035461	0.120482	0.004433	0.024631
over.the.hedge_tt0327084	2006	0.242272	0.516871	0.020129	0.185430
paw.patrol.the._tt11832046	2021	0.082418	0.253012	0.033752	0.277419
paw.patrol.the._tt15837338	2023	0.247396	0.349693	0.013021	0.053763
peanuts.movie_tt2452042	2015	0.260870	0.497959	0.255167	0.586885
penguins.of.mad_tt1911658	2014	0.000000	0.000000	0.000000	0.000000
peter_rabbit	2018	0.291995	0.731638	0.000000	
peter_rabbit_2	2021	0.164076	0.675355	0.000000	
petes.dragon_tt0076538	1977	0.000000		0.000000	
pinocchio_tt0032910	1940	0.000000	0.000000	0.000000	0.000000
planes_tt1691917	2013	0.006993	0.034221	0.000000	
pocahontas_tt0114148	1995	0.092283	0.190789	0.092283	0.190789
pokmon.the.firs_tt0190641	1998	0.236548	0.453307	0.122843	0.335180
polar.express_tt0338348	2004	0.000000	0.000000	0.000000	0.000000
prince.of.egypt_tt0120794	1998	0.159965	0.406667	0.159965	0.406667
princess.and.th_tt0780521	2009	0.176056	0.256937	0.120423	0.296360
puss.in.boots.t_tt3915174	2022	0.133969	0.293612	0.039238	0.180879
puss.in.boots_tt0448694	2011	0.033784	0.092251	0.023649	0.183246
ralph.breaks.th_tt5848272	2018	0.250325	0.365970	0.250325	0.365970
rango_tt1192628	2011	0.038537	0.106115	0.000000	
ratatouille_tt0382932	2007	0.000000	0.000000	0.000000	0.000000
raya.and.the.la_tt5109280	2021	0.491049	0.572707	0.375959	0.456522
rescuers_tt0076618	1977	0.130776	0.200267	0.000000	0.000000
rio.2_tt2357291	2014	0.164548	0.308609	0.008475	0.061224
rio_tt1436562	2011	0.036485	0.070301	0.020104	0.097122
rise.of.the.gua_tt1446192	2012	0.034188	0.104283	0.011600	0.042601
road.to.el.dora_tt0138749	2000	0.000000	0.000000	0.000000	0.000000
robin.hood_tt0070608	1973	0.077551	0.273775	0.000000	
robots_tt0358082	2005	0.066976	0.152108	0.000000	
rons.gone.wrong_tt7504818	2021	0.038961	0.114964	0.038961	0.114964
rugrats.movie_tt0134067	1998	0.418166	0.646358	0.418166	0.646358
sausage.party_tt1700841	2016	0.130790	0.282353	0.000000	0.000000
secret.life.of._tt2709768	2016	0.096717	0.282383	0.000000	0.000000
secret.life.of._tt5113040	2019	0.124319	0.281893	0.019964	0.180328
shark.tale_tt0307453	2004	0.094913	0.251509	0.000000	
shrek.2_tt0298148	2004	0.149813	0.290276	0.091386	0.248980
shrek.forever.a_tt0892791	2010	0.106730	0.236090	0.034670	0.269841
shrek.the.third_tt0413267	2007	0.255725	0.495562	0.198473	0.538302
shrek_tt0126029	2001	0.034263	0.079926	0.023904	0.062762
simpsons.movie_tt0462538	2007	0.296420	0.573269	0.296420	0.573269
sing.2_tt6467266	2021	0.217532	0.347510	0.000000	
sing_tt3470600	2016	0.129526	0.240933	0.000000	
sleeping.beauty_tt0053285	1959	0.383489	0.548571	0.383489	0.548571
smallfoot_tt6182908	2018	0.123105	0.284314	0.000000	0.000000
smurfs.2_tt2017020	2013	0.178108	0.521739	0.000000	0.000000
smurfs_tt0472181	2011	0.000000	0.000000	0.000000	
snow.white.and._tt0029583	1937	0.076087	0.123620	0.062500	0.102908
south.park.bigg_tt0158983	1999	0.250305	0.532383	0.250305	0.532383
space.jam.a.new_tt3554046	2021	0.098108	0.302578	0.037835	0.158672
space.jam_tt0117705	1996	0.005937	0.054878	0.000000	0.000000
spiderman.acros_tt9362722	2023	0.131027	0.255973	0.131027	0.255973
spiderman.into._tt4633694	2018	0.079304	0.278689	0.079304	0.278689
spies.in.disgui_tt5814534	2019	0.088254	0.391549	0.088254	0.391549
spirit.stallion_tt0166813	2002	0.011480	0.053097	0.000000	
spirit.untamed_tt11084896	2021	0.407709	0.495942	0.395107	0.482353
spongebob.squar_tt0345950	2004	0.013357	0.060729	0.000000	
storks_tt4624424	2016	0.016150	0.029621	0.016150	0.029621
strange.world_tt10298840	2022	0.079922	0.279545	0.079922	0.279545
super.mario.bro_tt6718170	2023	0.024000	0.073770	0.024000	0.073770
surfs.up_tt0423294	2007	0.070465	0.162069	0.000000	
sword.in.the.st_tt0057546	1963	0.024725	0.130435	0.000000	0.000000
tangled_tt0398286	2010	0.172138	0.239688	0.172138	0.239688
tarzan_tt0120855	1999	0.194406	0.308889	0.000000	0.000000
teenage.mutant._tt8589698	2023	0.005538	0.023077	0.001231	0.006270
tmnt_2014	2014	0.000000		0.000000	
tmnt_tt0453556	2007	0.012387	0.069620	0.012387	0.069620
toy.story.2_tt0120363	1999	0.021383	0.069767	0.011404	0.038005
toy.story.3_tt0435761	2010	0.240588	0.405754	0.120000	0.231555
toy.story.4_tt1979376	2019	0.190955	0.294574	0.168342	0.268806
toy.story_tt0114709	1995	0.000000	0.000000	0.000000	0.000000
transformers.a._tt8864596	2024	0.011620	0.040179	0.000000	
trolls.band.tog_tt14362112	2023	0.200984	0.302646	0.000000	
trolls_tt1679335	2016	0.326958	0.407601	0.000000	
turbo_tt1860353	2013	0.066986	0.239609	0.048530	0.258182
up_tt1049413	2009	0.004252	0.021352	0.004252	0.041667
wallace..gromit_tt0312004	2005	0.068082	0.242222	0.068082	0.242222
walle_tt0910970	2008	0.005072	0.015054	0.000000	0.000000
weathering.with_tt9426210	2019	0.034322	0.096248	0.034322	0.096248
who.framed.roge_tt0096438	1988	0.013571	0.079498	0.000000	0.000000
wild.robot_tt29623480	2024	0.000000	0.000000	0.000000	
wish_tt11304740	2023	0.385424	0.497093	0.385424	0.497093
wreckit.ralph_tt1772341	2012	0.112396	0.216584	0.112396	0.216584
zootopia.2_tt26443597	2025	0.153971	0.214932	0.000000	
zootopia_tt2948356	2016	0.222899	0.282407	0.000000	
