movie_id	year	pct_protagonist_female	pct_antagonist_female	pct_protagonist_male	pct_antagonist_male
10.cloverfield._tt1179933	2016	100.00	0.00	45.87	54.13
10.things.i.hat_tt0147800	1999	100.00	0.00	79.45	20.55
101_dalmations	1996	57.15	42.85	45.39	54.61
102.dalmatians_tt0211181	2000	53.84	46.16	71.77	28.23
12_monkeys	1996	100.00	0.00	66.92	33.08
13.going.on.30_tt0337563	2004	79.69	20.31	100.00	0.00
1408_tt0450385	2007			100.00	0.00
17.again_tt0974661	2009			92.31	7.69
1917	2020			99.96	0.04
2.guns_tt1272878	2013			75.55	24.45
2010.the.year.w_tt0086837	1984	100.00	0.00	100.00	0.00
2012m	2009	100.00	0.00	69.83	30.17
21_jump_street	2012			83.38	16.62
21_tt0478087	2008			65.26	34.74
22_jump_street	2014	0.00	100.00	96.86	3.14
27.dresses_tt0988595	2008	77.43	22.57	100.00	0.00
2_fast_2_furious_fs	2003			77.78	22.22
3.ninjas_tt0103596	1992			74.02	25.98
300	2007	100.00	0.00	73.38	26.62
300_rise_of_an_empire	2014	20.50	79.50	86.11	13.89
310.to.yuma_tt0381849	2007			48.60	51.40
355_tt8356942	2022	100.00	0.00	0.00	100.00
40_year_old_virgin	2005			100.00	0.00
42_tt0453562	2013			87.67	12.33
48_hours	1983			88.10	11.90
50_first_dates	2004	100.00	0.00	100.00	0.00
8_below	2006			100.00	0.00
8_mile	2002			78.09	21.91
8mm_tt0134273	1999			76.18	23.82
a.bad.moms.chri_tt6359956	2017	55.56	44.44		
a.beautiful.day_tt3224458	2020			88.81	11.19
a.christmas.sto_tt0085334	1983			95.84	4.16
a.civil.action_tt0120633	1999	100.00	0.00	69.57	30.43
a.dogs.purpose_tt1753383	2017			80.83	19.17
a.good.day.to.d_tt1606378	2013	0.00	100.00	70.65	29.35
a.knights.tale_tt0183790	2001			73.09	26.91
a.low.down.dirt_tt0110399	1994	65.71	34.29	62.69	37.31
a.madea.family._tt7054636	2019	100.00	0.00	100.00	0.00
a.nightmare.on._tt0087800	1985	100.00	0.00	0.00	100.00
a.nightmare.on._tt0097981	1989	100.00	0.00	78.94	21.06
a.nightmare.on._tt1179056	2010	100.00	0.00	95.01	4.99
a.passage.to.in_tt0087892	1985	100.00	0.00	73.39	26.61
a.quiet.place.p_tt8332922	2021	100.00	0.00	100.00	0.00
a.river.runs.th_tt0105265	1992			100.00	0.00
a.room.with.a.v_tt0091867	1987	67.60	32.40	54.00	46.00
a.soldiers.stor_tt0088146	1984			45.63	54.37
a.thin.line.bet_tt0117891	1996	0.00	100.00	100.00	0.00
a.walk.in.the.c_tt0114887	1995	100.00	0.00	71.70	28.30
a.wrinkle.in.ti_tt1620680	2018	100.00	0.00	93.67	6.33
about.a.boy_tt0276751	2002			100.00	0.00
about.schmidt_tt0257360	2003	0.00	100.00	90.53	9.47
about_last_night	1986	100.00	0.00	100.00	0.00
absence_of_malice	1982	100.00	0.00	78.71	21.29
absolute.power_tt0118548	1997	0.00	100.00	49.08	50.92
abyss	1989	100.00	0.00	78.89	21.11
accidental.tour_tt0094606	1989			100.00	0.00
accountant_tt2140479	2016			72.95	27.05
accused_tt0094608	1988	100.00	0.00		
ace.ventura.when.nature.calls_tt0112281	1995			86.63	13.37
ace_ventura	1994	60.27	39.73	100.00	0.00
act.of.valor_tt1591479	2012			41.76	58.24
action.jackson_tt0094612	1988	100.00	0.00	71.45	28.55
ad.astra_tt2935510	2019			87.91	12.09
addams.family.v_tt0106220	1993	45.49	54.51	84.68	15.32
addams_family	1991	73.63	26.37	84.34	15.66
adjustment.bure_tt1385826	2011	100.00	0.00	76.97	23.03
adventures.in.b_tt0092513	1987	100.00	0.00	85.89	14.11
against.all.odd_tt0086859	1984	100.00	0.00	61.47	38.53
age.of.innocenc_tt0106226	1993	60.26	39.74	100.00	0.00
agnes.of.god_tt0088683	1985	78.46	21.54		
air.america_tt0099005	1990			80.91	19.09
air_force_one_fs	1997			59.51	40.49
airplane.ii.the_tt0083530	1982	100.00	0.00	73.13	26.87
aladdin	2019	100.00	0.00	81.36	18.64
alexander.and.t_tt1698641	2014	82.69	17.31	99.74	0.26
alice.through.t_tt2567026	2016	81.09	18.91	20.78	79.22
alice_in_wonderland	2010	77.57	22.43	64.95	35.05
alien.covenant_tt2316204	2017	100.00	0.00	23.07	76.93
alien.nation_tt0094631	1988			86.95	13.05
alien.resurrect_tt0118583	1997	100.00	0.00	37.48	62.52
alien.vs..preda_tt0370263	2004	100.00	0.00	100.00	0.00
alien_2	1986	100.00	0.00	48.62	51.38
alien_3	1992	100.00	0.00	84.26	15.74
alita.battle.an_tt0437086	2019	100.00	0.00	74.15	25.85
alive_tt0106246	1993			100.00	0.00
all.night.long_tt0082001	1981	100.00	0.00	91.08	8.92
all.the.right.m_tt0085154	1983			70.83	29.17
all_of_me_fs	1984	56.77	43.23	100.00	0.00
allegiant_tt3410834	2016	84.52	15.48	56.81	43.19
along.came.a.sp_tt0164334	2001	0.00	100.00	71.27	28.73
along_came_polly_fs	2004	72.17	27.83	93.87	6.13
altered_states	1980	100.00	0.00	100.00	0.00
always_tt0096794	1990	100.00	0.00	100.00	0.00
amadeus_tt0086879	1985			48.78	51.22
amazing_spiderman	2012	100.00	0.00	64.55	35.45
amazing_spiderman_2	2014	100.00	0.00	52.20	47.80
ambulance_tt4998632	2022	100.00	0.00	66.37	33.63
american.hustle_tt1800241	2014	68.76	31.24	58.76	41.24
american.made_tt3532216	2017			82.12	17.88
american.pie.2_tt0252866	2001			100.00	0.00
american.presid_tt0112346	1995	100.00	0.00	95.89	4.11
american.reunio_tt1605630	2012	100.00	0.00	98.64	1.36
american.underd_tt11729298	2022	100.00	0.00	89.12	10.88
american_beauty	2000	48.21	51.79	86.47	13.53
american_gangster	2007			93.01	6.99
american_gigolo	1980	100.00	0.00	83.33	16.67
american_pie	1999			91.29	8.71
american_sniper	2015			95.43	4.57
american_wedding	2003	100.00	0.00	100.00	0.00
american_werewolf_in_london	1981			100.00	0.00
americas_sweethearts	2001	53.34	46.66	89.92	10.08
amityville.horr_tt0384806	2005	96.34	3.66	100.00	0.00
amsterdam_tt10304142	2022	73.45	26.55	82.30	17.70
anaconda	1997	100.00	0.00	50.45	49.55
analyze_this	1999			94.27	5.73
anchorman.2.the_tt1229340	2013	100.00	0.00	95.74	4.26
anchorman_fs	2004	100.00	0.00	95.21	4.79
angel.has.falle_tt6189022	2019			67.95	32.05
angels.in.the.o_tt0109127	1994			84.73	15.27
angels_and_demons	2009	100.00	0.00	66.76	33.24
anger_management	2003			61.15	38.85
animal_tt0255798	2001			86.16	13.84
annabelle.comes_tt8350360	2019	94.46	5.54	100.00	0.00
annabelle.creat_tt5140878	2017	100.00	0.00	0.00	100.00
annabelle_tt3322940	2014	100.00	0.00	99.36	0.64
annie_fs	1982	52.79	47.21	74.08	25.92
annie_tt1823664	2014	80.16	19.84	70.84	29.16
another_48_hrs	1990			78.43	21.57
ant_man_and_the_wasp	2018	75.54	24.46	78.66	21.34
antlers_tt7740510	2021	100.00	0.00	94.82	5.18
antman	2015	100.00	0.00	81.76	18.24
any_which_way_you_can	1980	100.00	0.00	87.42	12.58
apollo13	1995			100.00	0.00
aquaman	2019	100.00	0.00	63.83	36.17
arachnophobia	1990			100.00	0.00
are.we.done.yet_tt0422774	2007			67.48	32.52
are_we_there_yet	2005	0.00	100.00	67.53	32.47
argo	2012			100.00	0.00
armageddon	1998	100.00	0.00	99.44	0.56
arrival	2016	100.00	0.00	83.27	16.73
arthur_full	1982	74.00	26.00	90.81	9.19
artificial_intelligence_fs	2001			91.38	8.62
as_good_as_it_gets_fs	1998	100.00	0.00	96.91	3.09
ateam_tt0429493	2010			77.05	22.95
atomic.blonde_tt2406566	2017	100.00	0.00	0.00	100.00
austin.powers.i_tt0118655	1997	85.24	14.76	0.00	100.00
austin_powers_the_spy_who_shagged_me	1999	100.00	0.00	0.00	100.00
avatar	2022			58.61	41.39
avatar.the.way._tt1630029	2023	100.00	0.00	75.69	24.31
avengers	2012	100.00	0.00	85.20	14.80
avengers_age_of_ultron	2015	100.00	0.00	98.74	1.26
avengers_endgame	2019	100.00	0.00	94.37	5.63
avengers_infinity_war	2018	100.00	0.00	84.24	15.76
aviator	2005			84.77	15.23
awakening_tt0080402	1980	38.46	61.54	100.00	0.00
awakenings	1991			100.00	0.00
babe	1995			100.00	0.00
baby.boom_tt0092605	1987	100.00	0.00	0.00	100.00
baby.mama_tt0871426	2008	100.00	0.00	0.00	100.00
baby_driver	2017	60.51	39.49	55.58	44.42
bachelor_party	1984	100.00	0.00	84.21	15.79
back_to_school	1986			82.92	17.08
back_to_the_future_2_fs	1989			79.53	20.47
back_to_the_future_3_fs	1990			94.14	5.86
back_to_the_future_fs	1986			93.38	6.62
backdraft	1991			89.51	10.49
backroads	1981	100.00	0.00	100.00	0.00
bad_boys	1995			91.01	8.99
bad_boys_2	2003	100.00	0.00	87.20	12.80
bad_boys_for_life	2020	69.53	30.47	91.08	8.92
bad_moms	2016	81.53	18.47	0.00	100.00
bad_teacher	2011	73.60	26.40		
barbershop.2.ba_tt0337579	2004			69.98	30.02
barbershop.the._tt3628584	2016			88.65	11.35
barbershop_tt0303714	2002			74.40	25.60
basic_instinct	1992	0.00	100.00	100.00	0.00
batman	1989	100.00	0.00	30.83	69.17
batman_and_robin	1997	29.36	70.64	68.47	31.53
batman_begins	2005			54.11	45.89
batman_forever	1995	100.00	0.00	65.39	34.61
batman_returns	1992	0.00	100.00	43.51	56.49
batman_tt1877830	2022	100.00	0.00	78.10	21.90
batman_vs_superman	2016	100.00	0.00	68.97	31.03
battle.creek.br_tt0080436	1980			61.66	38.34
battle.los.ange_tt1217613	2011	100.00	0.00	100.00	0.00
battleship_tt1440129	2012	100.00	0.00	100.00	0.00
baywatch_tt1469304	2017	83.67	16.33	89.58	10.42
bc_10000	2008			90.11	9.89
be.cool_tt0377471	2005	100.00	0.00	48.72	51.28
beaches	1989	100.00	0.00		
bean_tt0118689	1997			100.00	0.00
bear_tt0095800	1989			1.30	98.70
beast_tt13223398	2022	100.00	0.00	100.00	0.00
beautiful_mind	2002	94.27	5.73	85.15	14.85
beauty_and_the_beast	2017	100.00	0.00	6.68	93.32
because.i.said._tt0490084	2007	100.00	0.00		
bedtime.stories_tt0960731	2008			85.42	14.58
beethoven_tt0103786	1992	100.00	0.00	74.93	25.07
beethovens.2nd_tt0106375	1994	75.39	24.61	77.56	22.44
beetlejuice	1988	70.55	29.45	34.72	65.28
behind.enemy.li_tt0159273	2001			80.84	19.16
benchwarmers_tt0437863	2006			81.97	18.03
best.defense_tt0086955	1984			87.84	12.16
best.friends_tt0083641	1983	100.00	0.00	100.00	0.00
best.man.holida_tt2083355	2013	82.54	17.46	100.00	0.00
best_little_whorehouse_in_texas	1982	100.00	0.00	68.77	31.23
betrayed_tt0094731	1988	100.00	0.00	0.00	100.00
beverly.hills.c_tt0109254	1994			74.14	25.86
beverly_hills_chihuahua	2008	100.00	0.00	0.44	99.56
beverly_hills_cop	1985			88.02	11.98
beverly_hills_cop_2	1987	0.00	100.00	87.71	12.29
bewitched_tt0374536	2005	95.81	4.19	76.85	23.15
bfg_tt3691740	2016	100.00	0.00	100.00	0.00
big	1988			88.64	11.36
big.fat.liar_tt0265298	2002	100.00	0.00	51.16	48.84
big.fish_tt0319061	2004			97.58	2.42
big.mommas.hous_tt0421729	2006			96.47	3.53
big_business	1988	46.44	53.56	0.00	100.00
big_chill	1983	100.00	0.00	100.00	0.00
big_daddy	1999			93.84	6.16
big_fat_greek_wedding_fs	2002	100.00	0.00	61.62	38.38
big_mammas_house	2000			94.22	5.78
bill..teds.bogu_tt0101452	1991			76.07	23.93
bill..teds.exce_tt0096928	1989			95.06	4.94
biloxi_blues	1988			47.41	52.59
bird_on_a_wire	1990	100.00	0.00	75.50	24.50
birdcage	1996			81.83	18.17
birds_of_prey	2020	100.00	0.00	0.00	100.00
black.adam_tt6443346	2022	91.85	8.15	92.52	7.48
black.mass_tt1355683	2015			87.21	12.79
black.panther.w_tt9114286	2022	95.80	4.20	48.70	51.30
black.phone_tt7144666	2022	100.00	0.00	87.10	12.90
black.rain_tt0096933	1989			84.88	15.12
black.sheep_tt0115697	1996	0.00	100.00	94.54	5.46
black.swan_tt0947798	2011	81.68	18.32	0.00	100.00
black.widow_tt0090738	1987	52.76	47.24		
black.widow_tt3480822	2021	99.05	0.95	74.85	25.15
black_hawk_down	2002			94.73	5.27
black_panther	2018	100.00	0.00	58.71	41.29
blade	1998	89.55	10.45	67.03	32.97
blade.ii_tt0187738	2002	100.00	0.00	61.22	38.78
blade.runner.20_tt1856101	2017	0.00	100.00	94.02	5.98
blade.runner_tt0083658	1982	0.00	100.00	63.34	36.66
blades_of_glory	2007	61.40	38.60	87.70	12.30
blair_witch_fs	1999	100.00	0.00	100.00	0.00
blame.it.on.rio_tt0086973	1984	100.00	0.00	100.00	0.00
blank.check_tt0109287	1994			64.65	35.35
blind_date	1987	100.00	0.00	76.34	23.66
blind_side	2010	94.19	5.81	100.00	0.00
blockers_tt2531344	2018	98.82	1.18	98.15	1.85
bloodshot_tt1634106	2020	100.00	0.00	55.65	44.35
blow_tt0221027	2001	0.00	100.00	70.62	29.38
blown.away_tt0109303	1994			81.09	18.91
blue.streak_tt0181316	1999			95.25	4.75
blue_thunder	1983	100.00	0.00	88.43	11.57
blues_brothers	1980	0.00	100.00	94.82	5.18
body_heat	1981	0.00	100.00	100.00	0.00
bodyguard	1993	83.94	16.06	96.24	3.76
bohemian_rhapsody	2018			84.53	15.47
bombshell_tt6394270	2020	100.00	0.00	0.00	100.00
bone.collector_tt0145681	1999	100.00	0.00	78.30	21.70
boo.2.a.madea.h_tt6217804	2017	100.00	0.00	100.00	0.00
boo.a.madea.hal_tt5325452	2016	66.53	33.47	87.08	12.92
book.club_tt6857166	2018	100.00	0.00		
book_of_eli	2010	92.96	7.04	65.75	34.25
boomerang	1992	0.00	100.00	100.00	0.00
borat	2006			100.00	0.00
born_on_the_fourth_of_july	1990			100.00	0.00
boss_tt2702724	2016	100.00	0.00	0.00	100.00
bounty.hunter_tt1038919	2010	96.87	3.13	94.92	5.08
bourne_identity	2002	100.00	0.00	69.14	30.86
bourne_legacy	2012	100.00	0.00	74.23	25.77
bourne_supremacy	2004	100.00	0.00	64.36	35.64
bourne_ultimatum	2007	100.00	0.00	54.84	45.16
bowfinger_tt0131325	1999			61.72	38.28
boyz_n_the_hood	1991			100.00	0.00
brady.bunch.mov_tt0112572	1995	100.00	0.00	77.67	22.33
brahms.the.boy._tt9173418	2020	100.00	0.00	85.80	14.20
braveheart	1995			74.90	25.10
breakdown_tt0118771	1997	100.00	0.00	70.88	29.12
breakfast_club	1985	100.00	0.00	86.83	13.17
breakin_fs	1984	100.00	0.00	90.11	9.89
breakup	2006	100.00	0.00	100.00	0.00
breathless_tt0085276	1983	100.00	0.00	100.00	0.00
brewsters_millions	1985	100.00	0.00	81.38	18.62
bride.wars_tt0901476	2009	0.00	100.00	0.00	100.00
bridesmaids	2011	78.06	21.94		
bridge.of.spies_tt3682448	2015			100.00	0.00
bridges_of_madison_county	1995	100.00	0.00	100.00	0.00
bridget.joness._tt0243155	2001	94.25	5.75	0.00	100.00
bring.it.on_tt0204946	2000	79.71	20.29	0.00	100.00
bringing_down_the_house_fs	2003	100.00	0.00	95.62	4.38
brno_tt0889583	2009			100.00	0.00
broadcast.news_tt0092699	1988	100.00	0.00	47.18	52.82
brokeback.mount_tt0388795	2006			100.00	0.00
broken.hearts.g_tt2140571	2020	100.00	0.00	79.67	20.33
broken_arrow	1996	100.00	0.00	44.38	55.62
bronco_billy	1980	90.52	9.48	68.20	31.80
brubaker	1980			68.56	31.44
bruce_almighty	2003			92.78	7.22
bucket_list	2008			100.00	0.00
bugsy_tt0101516	1992	100.00	0.00	85.10	14.90
bull_durham	1988	100.00	0.00	100.00	0.00
bullet.train_tt12593682	2022	7.81	92.19	92.34	7.66
bumblebee_tt4701182	2019	100.00	0.00	63.05	36.95
burbs_tt0096734	1989			85.25	14.75
burn.after.read_tt0887883	2008	0.00	100.00	64.19	35.81
bustin_loose	1981	100.00	0.00	100.00	0.00
butler	2013			98.07	1.93
butterfly.effec_tt0289879	2004			89.16	10.84
cable_guy_fs	1996			47.33	52.67
caddyshack	1980			73.16	26.84
cadillac.man_tt0099204	1990			64.94	35.06
call_of_the_wild	2020			85.75	14.25
campaign	2012			77.25	22.75
candyman_tt9347730	2021	100.00	0.00	85.68	14.32
cannonball.run._tt0087032	1984			91.88	8.12
cannonball_run	1981	100.00	0.00	68.15	31.85
cant.buy.me.lov_tt0092718	1987	100.00	0.00	83.08	16.92
cape_fear	1991	100.00	0.00	55.79	44.21
captain_america	2011			63.32	36.68
captain_america_civil_war	2016			47.43	52.57
captain_america_winter_soldier	2014	100.00	0.00	65.96	34.04
captain_marvel	2019	92.76	7.24	68.96	31.04
captain_phillips	2013			58.56	41.44
carlitos.way_tt0106519	1993	100.00	0.00	74.19	25.81
casino_royale	2006	97.93	2.07	72.88	27.12
casino_tt0112641	1995	0.00	100.00	60.63	39.37
casper	1995	4.08	95.92	80.70	19.30
castaway	2001			100.00	0.00
cat.in.the.hat_tt0312528	2003	100.00	0.00	82.81	17.19
catch.me.if.you_tt0264464	2003			69.55	30.45
cats_tt5697572	2020	96.81	3.19	78.88	21.12
cattle.annie.an_tt0082145	1981	100.00	0.00	78.02	21.98
cell_tt0209958	2000	100.00	0.00	90.70	9.30
central_intelligence	2016	0.00	100.00	92.86	7.14
changing.lanes_tt0264472	2002			0.00	100.00
chaos.walking_tt2076822	2021	100.00	0.00	65.33	34.67
chariots_of_fire	1982	0.00	100.00	81.82	18.18
charlie_and_the_chocolate_factory	2005	0.00	100.00	82.36	17.64
charlies.angels_tt0305357	2003	90.86	9.14	62.73	37.27
charlies_angels	2000	95.38	4.62	53.31	46.69
charlottes.web_tt0413895	2006	100.00	0.00	0.12	99.88
cheaper_by_the_dozen	2004	100.00	0.00	84.61	15.39
cheech_and_chongs_next_movie	1980			94.35	5.65
chicago	2003	100.00	0.00	0.00	100.00
children.of.a.l_tt0090830	1986	100.00	0.00	100.00	0.00
childs.play.2_tt0099253	1990	100.00	0.00	100.00	0.00
childs.play_tt0094862	1988	100.00	0.00	95.62	4.38
chocolat_tt0241303	2001	100.00	0.00	0.00	100.00
christmas.with._tt0388419	2004	100.00	0.00	70.14	29.86
christmas_vacation	1989			92.66	7.34
christopher.rob_tt4575576	2018	100.00	0.00	88.73	11.27
chronicle_tt1706593	2012			61.22	38.78
chronicles.of.n_tt0980970	2010	97.84	2.16	100.00	0.00
chronicles.of.r_tt0296572	2004	100.00	0.00	47.56	52.44
chronicles_of_narnia_prince_caspian	2008	97.48	2.52	73.34	26.66
cider.house.rul_tt0124315	2000			100.00	0.00
cinderella	2015	51.62	48.38	76.73	23.27
cinderella.man_tt0352248	2005	100.00	0.00	90.17	9.83
city.heat_tt0087062	1984			83.71	16.29
city.slickers.i_tt0109439	1994			97.32	2.68
city_of_angels	1998	100.00	0.00	100.00	0.00
city_slickers	1991			98.40	1.60
clash_of_the_titans	2010	96.36	3.64	83.94	16.06
class_tt0085346	1983	0.00	100.00	100.00	0.00
clear_and_present_danger	1994			55.50	44.50
click	2006			75.64	24.36
client	1994	100.00	0.00	53.18	46.82
cliffhanger	1993	67.68	32.32	44.19	55.81
cloverfield_tt1060277	2008	100.00	0.00	100.00	0.00
clueless	1995	100.00	0.00		
coach.carter_tt0393162	2005			100.00	0.00
coal_miners_daughter	1980	100.00	0.00	100.00	0.00
cobra	1986	83.76	16.24	82.07	17.93
cocktail	1988			70.85	29.15
cocoon	1985	100.00	0.00	100.00	0.00
code.of.silence_tt0088936	1985			80.44	19.56
cold.mountain_tt0159365	2004	100.00	0.00	78.52	21.48
collateral	2004			55.06	44.94
color_of_money	1986	100.00	0.00	97.85	2.15
color_purple	1986	94.87	5.13		
colors	1988			76.24	23.76
come.play_tt8004664	2020	100.00	0.00	100.00	0.00
coming_to_america	1988	100.00	0.00	79.40	20.60
commando	1985	100.00	0.00	64.11	35.89
competition_tt0080556	1980	100.00	0.00	100.00	0.00
con_air	1997			67.26	32.74
conan_the_barbarian	1982	100.00	0.00	79.12	20.88
conan_the_destroyer	1984	78.58	21.42	80.27	19.73
congo	1995	100.00	0.00	95.22	4.78
conjuring	2013	100.00	0.00	98.31	1.69
conjuring.the.d_tt7069210	2021	95.96	4.04	100.00	0.00
conjuring_2	2016	97.50	2.50	96.67	3.33
conspiracy_theory	1997	100.00	0.00	87.59	12.41
constantine	2005	84.15	15.85	87.88	12.12
contact	1997	100.00	0.00	0.00	100.00
contagion_tt1598778	2011	100.00	0.00	64.11	35.89
continental_divide	1981	100.00	0.00	100.00	0.00
contraband_tt1524137	2012			69.76	30.24
cool_runnings	1993			96.91	3.09
cop.._tt0106613	1993			100.00	0.00
cop.land_tt0118887	1997			57.64	42.36
count.of.monte._tt0245844	2002			55.93	44.07
couples_retreat	2009	100.00	0.00	82.19	17.81
courage_under_fire	1996			70.09	29.91
cowboys_and_aliens	2011	100.00	0.00	100.00	0.00
coyote.ugly_tt0200550	2000	100.00	0.00	100.00	0.00
crash_tt0375679	2005	100.00	0.00	77.67	22.33
crazy.stupid.lo_tt1570728	2011			95.46	4.54
crazy_rich_asians	2018	72.35	27.65	100.00	0.00
creed	2015			89.09	10.91
creed_2	2018	100.00	0.00	77.72	22.28
creepshow_tt0083767	1982	27.68	72.32	77.97	22.03
crimson_tide	1995			50.20	49.80
critical.condit_tt0092798	1987			100.00	0.00
crocodile_dundee	1987	100.00	0.00	80.74	19.26
crocodile_dundee_2	1988	100.00	0.00	81.51	18.49
crouching_tiger_hidden_dragon	2001	89.83	10.17	100.00	0.00
crow	1994	0.00	100.00	55.15	44.85
cruel.intention_tt0139134	1999	39.47	60.53	93.77	6.23
cruella_tt3228774	2021	62.36	37.64	100.00	0.00
crying_game	1993	0.00	100.00	100.00	0.00
cujo_tt0085382	1983	100.00	0.00	88.01	11.99
curious.case.of_tt0421715	2009	100.00	0.00	100.00	0.00
curly.sue_tt0101635	1991	100.00	0.00	73.20	26.80
curse.of.la.llo_tt4913966	2019	86.12	13.88	100.00	0.00
d2.the.mighty.d_tt0109520	1994	100.00	0.00	89.73	10.27
dad_tt0097142	1989	0.00	100.00	97.72	2.28
daddy_day_care	2003	0.00	100.00	100.00	0.00
daddys.home.2_tt5657846	2017			72.08	27.92
daddys.home_tt1528854	2016			62.34	37.66
dan.in.real.lif_tt0480242	2007			77.32	22.68
dances_with_wolves_fs	1991			100.00	0.00
dangerous.liais_tt0094947	1989	0.00	100.00	94.68	5.32
dangerous_minds	1995	92.21	7.79	0.00	100.00
dantes_peak	1997	100.00	0.00	76.09	23.91
daredevil	2003	100.00	0.00	60.58	39.42
dark.crystal_tt0083791	1983			0.00	100.00
dark.shadows_tt1077368	2012	0.00	100.00	100.00	0.00
dark.tower_tt1648190	2017			78.05	21.95
dark_knight	2008			47.36	52.64
dark_knight_rises	2012	54.94	45.06	93.41	6.59
darkman_tt0099365	1990	100.00	0.00	31.77	68.23
date_night	2010	100.00	0.00	78.84	21.16
dave	1993	100.00	0.00	76.70	23.30
davinci_code	2006	100.00	0.00	52.72	47.28
dawn.of.the.dea_tt0363547	2004	100.00	0.00	70.34	29.66
dawn_of_the_planet_of_the_apes	2014			78.51	21.49
day.the.earth.s_tt0970416	2008	76.92	23.08	100.00	0.00
day_after_tomorrow	2004	100.00	0.00	91.77	8.23
days_of_thunder	1990			83.88	16.12
dead.again_tt0101669	1991	100.00	0.00	71.49	28.51
dead.man.walkin_tt0112818	1996	89.82	10.18	70.10	29.90
dead.men.dont.w_tt0083798	1982	89.12	10.88	91.01	8.99
dead.zone_tt0085407	1983			80.40	19.60
dead_poets_society	1989			78.86	21.14
dead_pool	1988	100.00	0.00	94.02	5.98
deadpool	2016	0.00	100.00	35.47	64.53
deadpool_2	2018	100.00	0.00	0.01	99.99
dear.evan.hanse_tt9357050	2021			100.00	0.00
dear.john_tt0989757	2010	100.00	0.00	100.00	0.00
death.on.the.ni_tt7657566	2022	0.00	100.00	76.52	23.48
death_becomes_her	1992	59.73	40.27	100.00	0.00
deathtrap_tt0083806	1982	0.00	100.00	58.92	41.08
deceived_tt0101694	1991	100.00	0.00	0.00	100.00
deep_blue_sea	1999	100.00	0.00	100.00	0.00
deep_impact	1998	100.00	0.00	100.00	0.00
deepwater.horiz_tt1860357	2016	100.00	0.00	71.67	28.33
deja.vu_tt0453467	2006	100.00	0.00	88.15	11.85
delta.force_tt0090927	1986			68.66	31.34
demolition_man	1993	100.00	0.00	60.45	39.55
dennis_the_menace	1993			87.38	12.62
departed	2006			50.29	49.71
desperately.see_tt0089017	1985	100.00	0.00	0.00	100.00
detective_pikachu	2019	100.00	0.00	88.39	11.61
deuce.bigalow.m_tt0205000	1999			83.78	16.22
devil_wears_prada	2006	72.93	27.07		
devils.advocate_tt0118971	1997			69.97	30.03
devils.own_tt0118972	1997			91.97	8.03
devotion_tt7693316	2022			100.00	0.00
diary.of.a.mad._tt0422093	2005	94.65	5.35	0.00	100.00
diary.of.a.wimp_tt1196141	2010			100.00	0.00
dick_tracy	1990	0.00	100.00	70.27	29.73
dictator_tt1645170	2012	100.00	0.00	88.80	11.20
die.hard.2.movie_tt0099423	1990	100.00	0.00	63.10	36.90
die_another_day	2002	61.71	38.29	68.19	31.81
die_hard_vengeance	1995	0.00	100.00	86.83	13.17
diehard	1988			44.93	55.07
dinner.for.schm_tt0427152	2010			88.55	11.45
dirty.rotten.sc_tt0095031	1989	0.00	100.00	100.00	0.00
dirty_dancing_fs	1987	93.72	6.28	70.65	29.35
disclosure_tt0109635	1995	0.00	100.00	82.84	17.16
distinguished.g_tt0104114	1992			74.39	25.61
district_9	2009			94.51	5.49
disturbia_tt0486822	2007	100.00	0.00	89.69	10.31
divergent	2014	91.05	8.95	70.55	29.45
divine.secrets._tt0279778	2002	96.60	3.40		
django.unchaine_tt1853728	2013	100.00	0.00	63.35	36.65
do.the.right.th_tt0097216	1989			46.63	53.37
doc_hollywood_fs	1991			100.00	0.00
doctor.strange._tt9419884	2022	52.28	47.72	88.90	11.10
doctor_strange	2016	100.00	0.00	90.36	9.64
doctor_tt0101746	1991	0.00	100.00	100.00	0.00
dodgeball	2004	100.00	0.00	79.41	20.59
dog_tt11252248	2022			100.00	0.00
dolittle	2020			79.12	20.88
dolphin.tale_tt1564349	2011			100.00	0.00
donnie.brasco_tt0119008	1997			84.57	15.43
dont.breathe.2_tt6246322	2021	0.00	100.00	27.44	72.56
dont.say.a.word_tt0260866	2001	100.00	0.00	80.22	19.78
dont.worry.darl_tt10731256	2022	100.00	0.00	0.00	100.00
dont_breathe	2016	100.00	0.00	84.02	15.98
doors_tt0101761	1991	100.00	0.00	100.00	0.00
dora.and.the.lo_tt7547410	2019	100.00	0.00	57.77	42.23
double.impact_tt0101764	1991	0.00	100.00	81.54	18.46
double_jeopardy	1999	94.66	5.34	55.95	44.05
down.to.earth_tt0231775	2001	0.00	100.00	85.89	14.11
down_and_out_in_beverly_hills	1986	100.00	0.00	100.00	0.00
downton.abbey.a_tt11703710	2022	94.65	5.35	100.00	0.00
downton_abbey	2019	89.70	10.30	67.14	32.86
dr_dolittle_2_fs	2001	100.00	0.00	84.52	15.48
dr_dolittle_fs	1998			87.42	12.58
dracula	1992	96.31	3.69	81.07	18.93
dracula.untold_tt0829150	2014	100.00	0.00	86.63	13.37
dragnet	1987	0.00	100.00	87.50	12.50
dragon.the.bruc_tt0106770	1993	100.00	0.00	94.94	5.06
dragonheart_tt0116136	1996	100.00	0.00	79.88	20.12
dragonslayer	1981	100.00	0.00	74.74	25.26
dream.team_tt0097235	1989			100.00	0.00
dreamgirls_tt0443489	2007	100.00	0.00	54.11	45.89
driving_miss_daisy	1990	100.00	0.00	100.00	0.00
due_date	2010			100.00	0.00
dukes_of_hazzard_fs	2005	100.00	0.00	75.93	24.07
dumb.and.dumber_tt2096672	2014	0.00	100.00	89.17	10.83
dumb_and_dumber	1995	0.00	100.00	84.88	15.12
dumbo	2019	100.00	0.00	73.87	26.13
dune_tt0087182	1984	100.00	0.00	65.69	34.31
dune_tt1160419	2021	100.00	0.00	87.10	12.90
dunkirk	2017			100.00	0.00
dying.young_tt0101787	1991	100.00	0.00	100.00	0.00
eagle_eye	2008	100.00	0.00	100.00	0.00
easter.sunday_tt11952606	2022			100.00	0.00
easy_money	1983	0.00	100.00	82.81	17.19
eat.pray.love_tt0879870	2010	100.00	0.00		
eddie_tt0116168	1996	100.00	0.00	0.00	100.00
edge_of_tomorrow	2014	100.00	0.00	100.00	0.00
educating.rita_tt0085478	1983	100.00	0.00	100.00	0.00
edward.scissorh_tt0099487	1991	74.87	25.13	79.45	20.55
elf	2003	100.00	0.00	93.84	6.16
elvis_tt3704428	2022			71.88	28.12
elysium_tt1535108	2013	54.97	45.03	77.15	22.85
emerald.forest_tt0089087	1985			100.00	0.00
emma._tt9214832	2020	100.00	0.00	100.00	0.00
empire_strikes_back	1997	100.00	0.00	88.09	11.91
encino.man_tt0104187	1992			92.71	7.29
end.of.days_tt0146675	1999	80.51	19.49	100.00	0.00
enders_tt1731141	2013			68.66	31.34
endless.love_tt0082329	1981	100.00	0.00	77.43	22.57
enemy.at.the.ga_tt0215750	2001	100.00	0.00	82.41	17.59
enemy_of_the_state	1998			80.64	19.36
english.patient_tt0116209	1997	100.00	0.00	67.91	32.09
entity_tt0082334	1983	100.00	0.00		
entrapment	1999	100.00	0.00	69.45	30.55
epic.movie_tt0799949	2007	82.88	17.12	94.63	5.37
equalizer	2014			66.54	33.46
equalizer.2_tt3766354	2018	100.00	0.00	73.84	26.16
eragon_tt0449010	2006	100.00	0.00	88.99	11.01
eraser	1996	100.00	0.00	51.21	48.79
erin_brockovich	2000	100.00	0.00	96.88	3.12
ernest.goes.to._tt0092974	1987			77.98	22.02
ernest.saves.ch_tt0095107	1988	100.00	0.00	100.00	0.00
escape.room.tou_tt9844522	2021	100.00	0.00	100.00	0.00
escape.room_tt5886046	2019	100.00	0.00	97.84	2.16
et	1985	100.00	0.00	89.47	10.53
eternals_tt9032400	2021	83.50	16.50	50.10	49.90
european_vacation	1985	100.00	0.00	90.89	9.11
evan_almighty	2007			87.55	12.45
ever.after.a.ci_tt0120631	1998	46.73	53.27	94.41	5.59
everything.ever_tt6710474	2022	75.54	24.46	74.44	25.56
evita_tt0116250	1997	100.00	0.00	53.97	46.03
excalibur	1981	0.00	100.00	92.70	7.30
executive_decision	1996	100.00	0.00	74.79	25.21
exit.wounds_tt0242445	2001			70.43	29.57
exorcism.of.emi_tt0404032	2005	100.00	0.00	55.78	44.22
exorcist.iii_tt0099528	1990			80.01	19.99
expendables	2010			72.25	27.75
expendables.2_tt1764651	2012	100.00	0.00	90.10	9.90
eyes.wide.shut_tt0120663	1999	100.00	0.00	86.19	13.81
f9.the.fast.sag_tt5433138	2021	85.86	14.14	76.79	23.21
fabelmans_tt14208870	2022			78.19	21.81
faceoff	1997			45.38	54.62
failure_to_launch	2006	100.00	0.00	100.00	0.00
falcon.and.the._tt0087231	1985			100.00	0.00
falling.down_tt0106856	1993	0.00	100.00	54.36	45.64
fame	1980	84.28	15.72	95.06	4.94
fantastic.beast_tt4123432	2022	80.75	19.25	73.89	26.11
fantastic.four_tt1502712	2015	100.00	0.00	81.17	18.83
fantastic_beasts	2016	89.85	10.15	81.51	18.49
fantastic_beasts_grindelwald	2018	100.00	0.00	72.58	27.42
fantastic_four	2005	100.00	0.00	77.87	22.13
fantastic_four_rise_of_the_silver_surfer	2007	100.00	0.00	87.97	12.03
fantasy_island	2020	67.93	32.07	75.82	24.18
far_and_away	1992	100.00	0.00	75.01	24.99
fast.and.the.fu_tt0463985	2006			66.97	33.03
fast.times.at.r_tt0083929	1982	100.00	0.00	59.59	40.41
fast_and_furious	2009			85.14	14.86
fast_and_furious_6	2013	78.80	21.20	87.06	12.94
fast_and_furious_hobbs_and_shaw	2019	100.00	0.00	83.11	16.89
fast_and_the_furious	2001			92.54	7.46
fast_five	2011	100.00	0.00	81.65	18.35
fatal_attraction	1988	39.62	60.38	100.00	0.00
fate_of_the_furious	2017	51.09	48.91	96.48	3.52
father.of.the.b_tt0113041	1995	100.00	0.00	94.83	5.17
father.stu_tt14439896	2022			100.00	0.00
father_of_the_bride	1992			100.00	0.00
fault_in_our_stars	2014	100.00	0.00	87.53	12.47
ferris_bueller	1986	52.12	47.88	74.47	25.53
few_good_men	1993	100.00	0.00	68.66	31.34
field_of_dreams	1989			93.45	6.55
fiendish.plot_tt0080731	1980	0.00	100.00	52.48	47.52
fifth_element	1997	100.00	0.00	86.20	13.80
fifty.shades.fr_tt4477536	2018	97.43	2.57	92.89	7.11
fifty_shades_darker	2017	92.85	7.15	89.96	10.04
fifty_shades_of_grey	2015	100.00	0.00	96.47	3.53
fighter_tt0964517	2011	59.63	40.37	95.75	4.25
final.analysis_tt0104265	1992	0.00	100.00	100.00	0.00
final.destinati_tt0195714	2000	100.00	0.00	83.58	16.42
final.destinati_tt0414982	2006	100.00	0.00	82.29	17.71
final.destinati_tt1144884	2009	100.00	0.00	100.00	0.00
firefox	1982			54.17	45.83
firm_fs	1993	100.00	0.00	94.93	5.07
first.family_tt0080739	1980	100.00	0.00	77.42	22.58
first.knight_tt0113071	1995	100.00	0.00	87.85	12.15
first.purge_tt6133466	2018	100.00	0.00	65.80	34.20
first_wives_club	1996	90.86	9.14	0.00	100.00
fish_called_wanda	1988	100.00	0.00	49.78	50.22
fisher.king_tt0101889	1991			98.98	1.02
flamingo.kid_tt0087265	1985			72.05	27.95
flash_gordon	1980	81.55	18.45	80.58	19.42
flashdance	1983	100.00	0.00	0.00	100.00
flatliners	1990	91.67	8.33	100.00	0.00
fletch	1985			86.22	13.78
fletch.lives_tt0097366	1989			83.29	16.71
flight	2012	0.00	100.00	100.00	0.00
flight.of.the.n_tt0091059	1986			82.41	17.59
flightplan	2005	82.31	17.69	0.00	100.00
flintstones	1994	77.40	22.60	84.35	15.65
flubber	1997	100.00	0.00	66.08	33.92
fly	1986	100.00	0.00	0.00	100.00
focus_tt2381941	2015	100.00	0.00	78.19	21.81
fools.gold_tt0770752	2008	100.00	0.00	92.02	7.98
footloose	1984	100.00	0.00	71.61	28.39
for_your_eyes_only	1981	100.00	0.00	79.53	20.47
forbidden.kingd_tt0865556	2008	70.70	29.30	87.23	12.77
force_awakens	2016	100.00	0.00	84.68	15.32
forces.of.natur_tt0141098	1999	100.00	0.00	100.00	0.00
ford_v_ferrari	2020			84.67	15.33
forever.purge_tt10327252	2021	100.00	0.00	100.00	0.00
forever.young_tt0104291	1993	100.00	0.00	99.00	1.00
forget.paris_tt0113097	1995	100.00	0.00	100.00	0.00
forgetting.sara_tt0800039	2008	47.38	52.62	78.82	21.18
forgotten_tt0356618	2004	100.00	0.00	71.43	28.57
formula_tt0080754	1980	0.00	100.00	81.77	18.23
forrest_gump	1994			100.00	0.00
four.brothers_tt0430105	2005			88.55	11.45
four_christmases	2008	100.00	0.00	100.00	0.00
four_seasons	1981	100.00	0.00	100.00	0.00
four_weddings_and_a_funeral	1994	100.00	0.00	100.00	0.00
foxes_tt0080756	1980	100.00	0.00		
freaky_friday	2003	98.15	1.85	0.00	100.00
freaky_tt10919380	2020	100.00	0.00	30.39	69.61
fred.claus_tt0486583	2007			86.52	13.48
freddy.vs..jaso_tt0329101	2003	100.00	0.00	93.67	6.33
freddys.dead.th_tt0101917	1991	100.00	0.00	0.00	100.00
free.guy_tt6264654	2021	100.00	0.00	84.75	15.25
free_willy	1993			87.89	12.11
french.dispatch_tt8847712	2021	100.00	0.00	77.13	22.87
french.kiss_tt0113117	1995	100.00	0.00	77.00	23.00
frequency_tt0186151	2000			90.33	9.67
friday.night.li_tt0390022	2004			91.62	8.38
friday.the.13th_tt0758746	2009	98.76	1.24	100.00	0.00
friday_the_13_6_jason_lives	1986			97.41	2.59
friday_the_13th	1980	81.18	18.82		
friday_the_13th_2	1981	100.00	0.00	100.00	0.00
friday_the_13th_3	1982	100.00	0.00	0.00	100.00
friday_the_13th_7_new_blood	1988	100.00	0.00	46.36	53.64
friday_the_13th_final_chapter	1984	100.00	0.00	100.00	0.00
friday_the_13th_new_beginning	1985	100.00	0.00	100.00	0.00
fried_green_tomatoes	1992	100.00	0.00	0.00	100.00
friends.with.be_tt1632708	2011	100.00	0.00	100.00	0.00
fright.night_tt0089175	1985	100.00	0.00	64.63	35.37
fugitive	1993			51.72	48.28
full_metal_jacket	1987	0.00	100.00	72.42	27.58
fun.with.dick.a_tt0369441	2006	100.00	0.00	86.25	13.75
funhouse_tt0082427	1981	100.00	0.00	68.76	31.24
funny.farm_tt0095188	1988	100.00	0.00	100.00	0.00
furious_7	2015	100.00	0.00	89.89	10.11
fury_road	2015	100.00	0.00	74.50	25.50
fury_tt2713180	2014			100.00	0.00
fx_tt0089118	1986			61.36	38.64
g.i..jane_tt0119173	1997	81.56	18.44	0.00	100.00
galaxy.quest_tt0177789	2000	100.00	0.00	100.00	0.00
game.night_tt2704998	2018	100.00	0.00	87.46	12.54
game_plan	2007	77.60	22.40	100.00	0.00
game_tt0119174	1997	0.00	100.00	84.16	15.84
gandhi	1983			89.82	10.18
gemini.man_tt1025100	2019	89.82	10.18	7.12	92.88
generals_daughter	1999	100.00	0.00	64.47	35.53
gentlemen	2020			56.10	43.90
george_of_the_jungle_fs	1997	76.91	23.09	46.94	53.06
get.him.to.the._tt1226229	2010			90.41	9.59
get_hard	2015	0.00	100.00	91.07	8.93
get_out	2017	0.00	100.00	76.04	23.96
get_shorty	1995			59.38	40.62
get_smart_fs	2008	100.00	0.00	70.80	29.20
ghost	1990	100.00	0.00	66.80	33.20
ghost.and.the.d_tt0116409	1996			93.41	6.59
ghost.story_tt0082449	1982	0.00	100.00	94.20	5.80
ghost_rider	2007			78.33	21.67
ghostbusters.afterlife_tt4513678	2021	96.96	3.04	99.83	0.17
ghostbusters_1984	1984			95.92	4.08
ghostbusters_2	1989	100.00	0.00	84.04	15.96
ghostbusters_2016	2016	100.00	0.00	0.00	100.00
ghosts.of.girlf_tt0821640	2009	100.00	0.00	100.00	0.00
gi_joe_retaliation	2013	100.00	0.00	95.04	4.96
gi_joe_the_rise_of_cobra	2009	57.17	42.83	75.40	24.60
girl.on.the.tra_tt3631112	2016	100.00	0.00	0.00	100.00
girls_trip	2017	98.47	1.53	0.00	100.00
gladiator	2000			54.90	45.10
glass	2019	45.61	54.39	54.29	45.71
gloria_tt0080798	1980	100.00	0.00	100.00	0.00
glory_tt0097441	1990			93.56	6.44
godfather.part._tt0099674	1991			72.85	27.15
gods.not.dead_tt2528814	2014			51.32	48.68
godzilla	1998	100.00	0.00	93.53	6.47
godzilla.vs..ko_tt5034838	2021	91.63	8.37	79.51	20.49
godzilla2014	2014			100.00	0.00
godzilla_king_of_the_monsters	2019	45.83	54.17	89.99	10.01
going.in.style_tt2568862	2017			93.47	6.53
golden.compass_tt0385752	2007	78.20	21.80	100.00	0.00
golden_child	1987	100.00	0.00	87.04	12.96
goldeneye	1995	67.42	32.58	61.73	38.27
goldmember	2002	100.00	0.00	10.77	89.23
gone_girl	2014	0.00	100.00	100.00	0.00
gone_in_60_seconds	2000			66.59	33.41
good.boys_tt6977338	2019	0.00	100.00	100.00	0.00
good.son_tt0107034	1993	100.00	0.00	49.72	50.28
good_morning_vietnam	1988			71.90	28.10
good_will_hunting	1998			100.00	0.00
goodfellas_tt0099685	1990	100.00	0.00	67.14	32.86
goonies	1985	66.51	33.49	85.99	14.01
goosebumps_tt1051904	2015	100.00	0.00	74.26	25.74
gorillas.in.the_tt0095243	1988	100.00	0.00		
gothika_tt0348836	2003	100.00	0.00	0.00	100.00
gran_torino	2009			95.05	4.95
grand.budapest._tt2278388	2014	100.00	0.00	90.67	9.33
grand.canyon_tt0101969	1992	100.00	0.00	100.00	0.00
gravity	2013	100.00	0.00	100.00	0.00
great.wall_tt2034800	2017	100.00	0.00	91.01	8.99
great_gatsby	2013			81.72	18.28
great_muppet_caper	1981			11.08	88.92
great_outdoors	1988			60.11	39.89
greatest_showman	2018	53.24	46.76	92.59	7.41
green.book_tt6966692	2019			100.00	0.00
green.card_tt0099699	1991	100.00	0.00	100.00	0.00
green.knight_tt9243804	2021			93.29	6.71
green.mile_tt0120689	2000			76.45	23.55
green_hornet	2011			78.55	21.45
green_lantern	2011			57.93	42.07
gremlins	1984	67.69	32.31	99.96	0.04
gremlins.2.the._tt0099700	1990	100.00	0.00	82.74	17.26
gretel..hansel_tt9086228	2020	73.44	26.56	100.00	0.00
greystoke	1984			100.00	0.00
groundhog_day	1993			100.00	0.00
grown_ups	2010			93.27	6.73
grown_ups_2	2013			91.98	8.02
grudge	2004	95.07	4.93		
grudge_2020	2020	95.89	4.11	100.00	0.00
grumpier.old.me_tt0113228	1996			100.00	0.00
grumpy_old_men_fs	1994			96.49	3.51
guardian_tt0406816	2006			100.00	0.00
guardians_of_the_galaxy	2014	100.00	0.00	97.42	2.58
guardians_of_the_galaxy_2	2017	88.48	11.52	81.83	18.17
guarding.tess_tt0109951	1994	100.00	0.00	86.53	13.47
guess.who_tt0372237	2005	100.00	0.00	50.31	49.69
gung.ho_tt0091159	1986			97.63	2.37
hacksaw.ridge_tt2119532	2016			65.05	34.95
hairspray	2007	57.07	42.93		
halloween.ends_tt10665342	2022	100.00	0.00	0.00	100.00
halloween.h20.2_tt0120694	1998	100.00	0.00	96.80	3.20
halloween.kills_tt10665338	2021	100.00	0.00	72.65	27.35
halloween_2	1981	100.00	0.00	82.94	17.06
halloween_tt0373883	2007	100.00	0.00	70.34	29.66
halloween_tt1502407	2018	100.00	0.00	0.00	100.00
hancock	2008	100.00	0.00	94.61	5.39
hand_that_rocks_the_cradle	1992	51.52	48.48	0.00	100.00
hand_tt0082497	1981			100.00	0.00
hangover_2	2011			92.92	7.08
hangover_3	2013			83.14	16.86
hangover_fs	2009			95.41	4.59
hannah.and.her._tt0091167	1986	100.00	0.00	100.00	0.00
hannah.montana._tt1114677	2009	98.59	1.41	0.00	100.00
hannibal	2001	100.00	0.00	41.52	58.48
happening_tt0949731	2008	100.00	0.00	100.00	0.00
happy.death.day_tt5308322	2017	89.05	10.95	100.00	0.00
happy.gilmore_tt0116483	1996			71.69	28.31
hard.target_tt0107076	1993	100.00	0.00	46.69	53.31
hard.way_tt0102004	1991			94.17	5.83
hard_to_kill	1990	100.00	0.00	78.97	21.03
harlem_nights	1989	0.00	100.00	70.57	29.43
harry.and.the.h_tt0093148	1987			86.77	13.23
harry_potter_azkaban	2004	100.00	0.00	94.75	5.25
harry_potter_chamber_of_secrets	2002	100.00	0.00	72.49	27.51
harry_potter_deathly_hallows_1	2010	92.10	7.90	94.57	5.43
harry_potter_deathly_hallows_2	2011	88.27	11.73	89.90	10.10
harry_potter_goblet_of_fire	2005	100.00	0.00	95.84	4.16
harry_potter_half_blood_prince	2009	91.35	8.65	86.34	13.66
harry_potter_phoenix	2007	57.62	42.38	93.64	6.36
harry_potter_sorcerers_stone	2001	100.00	0.00	93.03	6.97
haunted.mansion_tt0338094	2003	100.00	0.00	70.68	29.32
haunting	1999	100.00	0.00	100.00	0.00
haunting.in.con_tt0492044	2009	100.00	0.00	100.00	0.00
he.knows_tt0080850	1980	100.00	0.00		
heartbeeps_tt0082507	1981	100.00	0.00	100.00	0.00
heartbreak.ridg_tt0091187	1986			83.80	16.20
heartburn_tt0091188	1986	100.00	0.00	0.00	100.00
heat_2013	2013	100.00	0.00	0.00	100.00
heat_tt0113277	1996			91.78	8.22
heaven.is.for.r_tt1929263	2014	100.00	0.00	100.00	0.00
hellboy.ii.the._tt0411477	2008	100.00	0.00	76.89	23.11
hellboy_tt0167190	2004	81.80	18.20	84.27	15.73
help	2011	78.16	21.84		
herbie.fully.lo_tt0400497	2005	100.00	0.00	48.99	51.01
hercules_tt1267297	2014	100.00	0.00	79.42	20.58
hero.at.large_tt0080863	1980			100.00	0.00
hes.just.not.th_tt1001508	2009	100.00	0.00	100.00	0.00
hidalgo_tt0317648	2004	0.00	100.00	85.02	14.98
hidden_figures	2017	94.16	5.84	0.00	100.00
hide.and.seek_tt0382077	2005	100.00	0.00	0.00	100.00
high.crimes_tt0257756	2002	100.00	0.00	45.29	54.71
high.road.to.ch_tt0085678	1983	100.00	0.00	95.46	4.54
high_school_musical_3	2008	60.39	39.61	100.00	0.00
higher.learning_tt0113305	1995	100.00	0.00	54.95	45.05
history_of_the_world_part_1	1981	92.03	7.97	27.89	72.11
hitch	2005	100.00	0.00	95.86	4.14
hitchhikers.gui_tt0371724	2005	86.55	13.45	96.98	3.02
hitmans.bodygua_tt1959563	2017	100.00	0.00	85.59	14.41
hitmans.wifes.b_tt8385148	2021	100.00	0.00	80.65	19.35
hobbit_battle_of_the_five_armies	2015	100.00	0.00	95.36	4.64
hobbit_desolation_of_smaug	2014	100.00	0.00	86.95	13.05
hobbit_unexpected_journey	2013			84.09	15.91
hocus.pocus_tt0107120	2020	32.78	67.22	100.00	0.00
holes_tt0311289	2003	0.00	100.00	65.87	34.13
hollow_man	2000	100.00	0.00	42.19	57.81
home_alone	1991	100.00	0.00	55.70	44.30
home_alone_2	1993			56.22	43.78
honest.thief_tt1838556	2020	100.00	0.00	51.05	48.95
honey_i_blew_up_the_kid_fs	1992	100.00	0.00	83.61	16.39
honey_i_shrunk_the_kids_fs	1989	100.00	0.00	100.00	0.00
honeymoon.in.ve_tt0104438	1992	100.00	0.00	55.36	44.64
honeysuckle.ros_tt0080888	1980			100.00	0.00
hook	1992			76.93	23.07
hoosiers_tt0091217	1987	100.00	0.00	100.00	0.00
hope.floats_tt0119313	1998	93.75	6.25	0.00	100.00
hope.springs_tt1535438	2012	100.00	0.00	100.00	0.00
horrible_bosses	2011	0.00	100.00	90.52	9.48
horse_whisperer	1998	100.00	0.00	100.00	0.00
hot.shots.part._tt0107144	1993	62.14	37.86	96.06	3.94
hot_shots	1991			57.37	42.63
hotel.for.dogs_tt0785006	2009	86.96	13.04	85.09	14.91
house.of.gucci_tt11214590	2021	100.00	0.00	61.57	38.43
house.on.haunte_tt0185371	1999	65.43	34.57	80.71	19.29
house.party_tt0099800	1990			86.15	13.85
house.with.a.cl_tt2119543	2018	90.72	9.28	90.28	9.72
house_tt0091223	1986			94.62	5.38
housesitter_tt0104452	1992	100.00	0.00	100.00	0.00
how.stella.got._tt0120703	1998	100.00	0.00	100.00	0.00
how_the_grinch_stole_christmas	2000	100.00	0.00	0.00	100.00
how_to_lose_a_guy_in_10_days	2003	81.35	18.65	100.00	0.00
howard.the.duck_tt0091225	1986	100.00	0.00	48.53	51.47
hulk	2008	100.00	0.00	56.25	43.75
hulk_2003_fs	2003	100.00	0.00	40.78	59.22
hunger_games	2012	94.53	5.47	63.25	36.75
hunger_games_catching_fire	2013	98.51	1.49	69.55	30.45
hunger_games_mockingjay_1	2014	100.00	0.00	55.20	44.80
hunger_games_mockingjay_2	2015	89.61	10.39	77.69	22.31
hunt_for_red_october	1990			92.15	7.85
hunt_tt8244784	2020	78.73	21.27	0.00	100.00
hurricane_tt0174856	2000			96.91	3.09
hustlers	2019	97.07	2.93		
i.am.number.fou_tt1464540	2011	100.00	0.00	92.38	7.62
i.can.only.imag_tt6450186	2018			73.72	26.28
i.love.trouble_tt0110093	1994	100.00	0.00	81.06	18.94
i.love.you.man_tt1155056	2009	100.00	0.00	91.86	8.14
i.still.believe_tt9779516	2020	100.00	0.00	100.00	0.00
i.still.know.wh_tt0130018	1998	100.00	0.00	39.37	60.63
i_am_legend	2008	100.00	0.00	99.92	0.08
i_know_what_you_did_last_summer	1997	100.00	0.00	96.28	3.72
i_now_pronounce_you_chuck_and_larry	2007			93.18	6.82
i_robot	2004	100.00	0.00	90.84	9.16
identity_thief	2013	94.61	5.39	90.15	9.85
imitation.game_tt2084970	2015	100.00	0.00	73.01	26.99
immortals_tt1253864	2011	100.00	0.00	73.87	26.13
impractical.jok_tt9208444	2020	0.00	100.00	100.00	0.00
in.god.we.trust_tt0080917	1980	100.00	0.00	84.64	15.36
in.the.army.now_tt0110123	1994	100.00	0.00	100.00	0.00
in.the.heights_tt1321510	2021	100.00	0.00	100.00	0.00
in_and_out	1997			81.65	18.35
in_the_line_of_fire	1993	100.00	0.00	81.06	18.94
inception	2010	69.84	30.16	100.00	0.00
incredible_shrinking_woman	1981	100.00	0.00		
indecent_proposal	1993	100.00	0.00	57.40	42.60
independence_day	1996	100.00	0.00	100.00	0.00
independence_day_resurgence	2016	100.00	0.00	100.00	0.00
indian.in.the.c_tt0113419	1995			100.00	0.00
indiana_jones_crystal_skull	2008	53.20	46.80	86.66	13.34
infidel_tt11229780	2020	100.00	0.00	100.00	0.00
inglourious_basterds	2009	100.00	0.00	42.99	57.01
innerspace_tt0093260	1987	81.38	18.62	78.38	21.62
inside_man	2006	0.00	100.00	87.20	12.80
insidious.chapt_tt2226417	2013	93.10	6.90	100.00	0.00
insidious.chapt_tt3195644	2015	100.00	0.00	99.98	0.02
insidious.the.l_tt5726086	2018	100.00	0.00	73.98	26.02
insomnia_tt0278504	2002	100.00	0.00	79.55	20.45
inspector_gadget	1999	100.00	0.00	0.03	99.97
instant.family_tt7401588	2018	100.00	0.00	98.91	1.09
insurgent	2015	79.44	20.56	56.86	43.14
intern_tt2361509	2015	100.00	0.00	100.00	0.00
internal.affair_tt0099850	1990	100.00	0.00	56.19	43.81
interpreter_tt0373926	2005	100.00	0.00	78.21	21.79
interstellar	2014	100.00	0.00	81.41	18.59
interview_with_a_vampire	1994	100.00	0.00	57.72	42.28
into.the.woods_tt2180411	2015	76.56	23.44	95.59	4.41
invasion.u.s.a._tt0089348	1985			56.80	43.20
invincible_tt0445990	2006	0.00	100.00	100.00	0.00
invisible_man	2020	100.00	0.00	0.00	100.00
invitation_tt12873562	2022	89.20	10.80	0.00	100.00
iron.eagle_tt0091278	1986			100.00	0.00
iron_man	2008			73.76	26.24
iron_man_2	2010			67.17	32.83
iron_man_3	2013	54.06	45.94	73.63	26.37
island_tt0080934	1980			72.91	27.09
isnt.it.romantic_tt2452244	2019	100.00	0.00		
it	2017	100.00	0.00	92.40	7.60
it.could.happen_tt0110167	1994	61.39	38.61	95.19	4.81
it_2	2019	100.00	0.00	99.55	0.45
italian_job	2003	100.00	0.00	80.49	19.51
its.complicated_tt1230414	2010	100.00	0.00	0.00	100.00
jack	1996			100.00	0.00
jack.and.jill_tt0810913	2011			98.17	1.83
jack.reacher.ne_tt3393786	2016	100.00	0.00	77.25	22.75
jack.the.giant._tt1351685	2013	100.00	0.00	85.52	14.48
jackal_tt0119395	1997	100.00	0.00	63.19	36.81
jackass.present_tt3063516	2013			100.00	0.00
jacobs.ladder_tt0099871	1990			98.75	1.25
jagged_edge	1985	100.00	0.00	0.00	100.00
jarhead_tt0418763	2005			100.00	0.00
jason_bourne	2016	12.42	87.58	52.38	47.62
jaws.the.reveng_tt0093300	1987	100.00	0.00	100.00	0.00
jaws_revenge	1983	100.00	0.00		
jazz_singer	1980			80.74	19.26
jerry_maguire	1997	100.00	0.00	93.24	6.76
jewel_of_the_nile	1986	100.00	0.00	85.66	14.34
jfk_tt0102138	1992			70.45	29.55
jingle_all_the_way	1996			69.83	30.17
jo.jo.dancer.yo_tt0091295	1986			100.00	0.00
joe.versus.the._tt0099892	1990	100.00	0.00	87.13	12.87
john.carter_tt0401729	2012	100.00	0.00	76.60	23.40
john.q_tt0251160	2002	72.86	27.14	90.67	9.33
john.wick.chapt_tt4425200	2017	0.00	100.00	64.36	35.64
john_wick_3	2019	100.00	0.00	71.81	28.19
jojo.rabbit_tt2584384	2020	100.00	0.00	86.05	13.95
joker	2019			85.89	14.11
journey_2_the_mysterious_island	2012	100.00	0.00	100.00	0.00
journey_to_the_center_of_the_earth	2008	100.00	0.00	100.00	0.00
joy.luck.club_tt0107282	1993	97.50	2.50	0.00	100.00
judge.dredd_tt0113492	1995	100.00	0.00	69.74	30.26
julie..julia_tt1135503	2009	98.34	1.66		
jumanji_the_next_level	2020	100.00	0.00	95.13	4.87
jumanji_tt0113497	1996	100.00	0.00	88.43	11.57
jumanji_welcome_to_the_jungle	2018	100.00	0.00	96.29	3.71
jumper_tt0489099	2008			87.21	12.79
jumpin.jack.fla_tt0091306	1986	100.00	0.00	13.43	86.57
jungle.2.jungle_tt0119432	1997			95.48	4.52
jungle.cruise_tt0870154	2021	100.00	0.00	80.60	19.40
jungle.fever_tt0102175	1991	100.00	0.00	81.07	18.93
jungle_book	2016			100.00	0.00
junior_tt0110216	1994	100.00	0.00	90.91	9.09
juno	2008	100.00	0.00		
jurassic.world._tt8041270	2022	100.00	0.00	80.69	19.31
jurassic_park	1993	100.00	0.00	93.38	6.62
jurassic_park_3	2001	100.00	0.00	100.00	0.00
jurassic_world	2015	100.00	0.00	82.41	17.59
jurassic_world_fallen_kingdom	2018	100.00	0.00	64.10	35.90
just.cause_tt0113501	1995			64.90	35.10
just.married_tt0305711	2003	95.80	4.20	89.67	10.33
just_go_with_it	2011	100.00	0.00	100.00	0.00
just_mercy	2020	100.00	0.00	82.31	17.69
justice_league	2017	100.00	0.00	100.00	0.00
k9_tt0097637	1989			87.63	12.37
kangaroo.jack_tt0257568	2003	100.00	0.00	85.07	14.93
karate.kid.part2.movie_tt0091326	1986			80.87	19.13
karate.kid.part_tt0097647	1989			68.91	31.09
karate_kid	1984			84.03	15.97
karate_kid_2010	2010			94.49	5.51
kicking..scream_tt0384642	2005			81.83	18.17
kid_tt0219854	2000			100.00	0.00
kill.bill.vol.._tt0266697	2003	48.93	51.07	0.00	100.00
kill.bill.vol.._tt0378194	2004	87.02	12.98	0.00	100.00
killing_fields	1985			100.00	0.00
kindergarten_cop_fs	1991	80.79	19.21	82.23	17.77
king.of.the.mou_tt0082619	1981			81.18	18.82
king.ralph_tt0102216	1991			84.60	15.40
king.richard_tt9620288	2021	100.00	0.00	100.00	0.00
king_kong	2006	100.00	0.00	48.13	51.87
kingdom_tt0431197	2007	100.00	0.00	100.00	0.00
kings.man_tt6856242	2022	77.34	22.66	86.53	13.47
kings_speech	2011			90.29	9.71
kingsman	2015	64.12	35.88	79.16	20.84
kingsman.the.go_tt4649466	2017	0.00	100.00	83.27	16.73
kiss.the.girls_tt0119468	1997	100.00	0.00	79.00	21.00
klumps	2000	100.00	0.00	0.00	100.00
knight.and.day_tt1013743	2010	92.87	7.13	78.93	21.07
knives_out	2020	100.00	0.00	69.10	30.90
knocked_up	2007	100.00	0.00	100.00	0.00
knowing_tt0448011	2009	100.00	0.00	100.00	0.00
kong_skull_island	2017	100.00	0.00	75.18	24.82
kpax_tt0272152	2001			100.00	0.00
kramer_v_kramer	1980	0.00	100.00	100.00	0.00
krull_tt0085811	1983	100.00	0.00	100.00	0.00
l.a..story_tt0102250	1991	100.00	0.00	100.00	0.00
la_bamba	1987			64.96	35.04
la_la_land	2017	100.00	0.00	100.00	0.00
ladder.49_tt0349710	2004			100.00	0.00
ladyhawke_tt0089457	1985	100.00	0.00	85.73	14.27
lake.house_tt0410297	2006	100.00	0.00	100.00	0.00
lara.croft.tomb_tt0325703	2003	100.00	0.00	51.50	48.50
lara_croft_tomb_raider	2001	100.00	0.00	0.00	100.00
last.boy.scout_tt0102266	1992			87.86	12.14
last.dragon_tt0089461	1985			50.10	49.90
last.duel_tt4244994	2021	100.00	0.00	41.77	58.23
last.married_tt0081032	1980	83.63	16.37	100.00	0.00
last.samurai_tt0325710	2003			91.29	8.71
last.song_tt1294226	2010	93.19	6.81	100.00	0.00
last.starfighte_tt0087597	1984			97.19	2.81
last.vegas_tt1204975	2013			100.00	0.00
last_action_hero_fs	1993			77.18	22.82
last_airbender	2010	98.15	1.85	59.93	40.07
last_crusade	1989	0.00	100.00	82.40	17.60
last_emperor	1988			89.91	10.09
last_jedi	2018	100.00	0.00	66.56	33.44
last_of_the_mohicans	1992	100.00	0.00	72.59	27.41
law.abiding.cit_tt1197624	2009			64.80	35.20
lawnmower.man_tt0104692	1992			45.92	54.08
league.of.extra_tt0311429	2003	100.00	0.00	70.94	29.06
league_of_their_own	1992	60.39	39.61	85.46	14.54
lean.on.me_tt0097722	1989	0.00	100.00	100.00	0.00
leaving.las.veg_tt0113627	1996	100.00	0.00	88.16	11.84
legal_eagles	1986	100.00	0.00	83.19	16.81
legally.blonde._tt0333780	2003	82.57	17.43		
legally_blonde	2001	97.29	2.71	0.00	100.00
legend_of_tarzan	2016	100.00	0.00	63.53	36.47
legend_of_the_lone_ranger_fs	1981			66.74	33.26
legends_of_the_fall	1995	100.00	0.00	92.12	7.88
lemony_snicket	2004	100.00	0.00	98.79	1.21
les.misrables_tt1707386	2013	100.00	0.00	71.71	28.29
let.him.go_tt9340860	2020	81.72	18.28	72.48	27.52
lethal_weapon	1987			92.12	7.88
lethal_weapon_2	1989			87.37	12.63
lethal_weapon_3	1992	100.00	0.00	94.52	5.48
lethal_weapon_4	1998	100.00	0.00	89.48	10.52
lets.be.cops_tt1924435	2014			92.13	7.87
liar_liar	1997	0.00	100.00	100.00	0.00
licence.to.kill_tt0097742	1989	100.00	0.00	57.94	42.06
license.to.driv_tt0095519	1988	100.00	0.00	100.00	0.00
license.to.wed_tt0762114	2007	100.00	0.00	65.76	34.24
licorice.pizza_tt11271038	2022	100.00	0.00	100.00	0.00
life.is.beautif_tt0118799	1999	100.00	0.00	94.48	5.52
life_of_pi	2012			98.03	1.97
life_tt0123964	1999			90.16	9.84
lights.out_tt4786282	2016	100.00	0.00	100.00	0.00
like.father.lik_tt0093418	1987			92.10	7.90
like.mike_tt0308506	2002	100.00	0.00	85.76	14.24
like_a_boss	2020	83.65	16.35		
limitless_tt1219289	2011			75.77	24.23
lincoln	2012			100.00	0.00
lincoln.lawyer_tt1189340	2011	0.00	100.00	79.32	20.68
lion_tt3741834	2017	0.00	100.00	97.47	2.53
little.fockers_tt0970866	2011	0.00	100.00	58.84	41.16
little.man_tt0430304	2006	100.00	0.00	88.23	11.77
little.miss.mar_tt0081063	1980			85.55	14.45
little.miss.sun_tt0449059	2006	100.00	0.00	100.00	0.00
little.shop.of._tt0091419	1987	100.00	0.00	65.21	34.79
little.things_tt10016180	2021			87.54	12.46
little_rascals	1994			92.13	7.87
little_women	1995	100.00	0.00		
little_women_2020	2020	100.00	0.00		
live_free_or_die_hard	2007	0.00	100.00	80.87	19.13
living_daylights	1987	100.00	0.00	73.67	26.33
lock.up_tt0097770	1989			80.60	19.40
logan	2017	100.00	0.00	21.35	78.65
london.has.fall_tt3300542	2016			78.25	21.75
lone.ranger_tt1210819	2013			58.51	41.49
lone_survivor	2014			98.45	1.55
long.kiss.goodn_tt0116908	1996	100.00	0.00	60.10	39.90
long.riders_tt0081071	1980			88.99	11.01
longest_yard	2005			72.71	27.29
look_whos_talking	1990	100.00	0.00	72.66	27.34
looper_tt1276104	2012			57.65	42.35
lost.boys_tt0093437	1987			74.17	25.83
lost.city_tt13320622	2022	100.00	0.00	73.01	26.99
lost_in_space	1998	100.00	0.00	86.35	13.65
lost_world	1997	100.00	0.00	72.02	27.98
lotr_fellowship	2002			95.77	4.23
lotr_return_of_the_king	2004	100.00	0.00	89.23	10.77
lotr_two_towers	2003			83.10	16.90
love.actually_tt0314331	2003	90.97	9.03	96.65	3.35
lucky.one_tt1327194	2012	100.00	0.00	70.92	29.08
lucy	2014	100.00	0.00	0.00	100.00
mad_max_thunderdome	1985	59.65	40.35	100.00	0.00
made_in_america_fs	1993	100.00	0.00	100.00	0.00
madea.goes.to.j_tt1142800	2009	55.07	44.93	98.41	1.59
madeas.family.r_tt0455612	2006	81.39	18.61	65.92	34.08
madeas.witness._tt2215285	2012			98.05	1.95
magic.mike.xxl_tt2268016	2015			100.00	0.00
magic_mike	2012			71.70	28.30
magnificent_seven	2016	100.00	0.00	84.44	15.56
maid.in.manhatt_tt0252076	2002	89.14	10.86	100.00	0.00
major.league.ii_tt0110442	1994	0.00	100.00	95.30	4.70
major_league	1989	0.00	100.00	100.00	0.00
malcolm.x_tt0104797	1992			82.28	17.72
maleficent	2014	100.00	0.00	0.00	100.00
maleficent_mistress_of_evil	2019	73.01	26.99	100.00	0.00
malice	1993	0.00	100.00	59.04	40.96
malignant_tt3811906	2021	100.00	0.00	0.00	100.00
mama_tt2023587	2013	100.00	0.00	0.00	100.00
mamma_mia	2008	100.00	0.00		
mamma_mia_2	2018	100.00	0.00		
man.in.the.iron_tt0120744	1998			66.94	33.06
man.of.the.hous_tt0113755	1995			85.14	14.86
man.on.fire_tt0328107	2004			80.14	19.86
man_of_steel	2013	100.00	0.00	70.24	29.76
manchurian.cand_tt0368008	2004	37.95	62.05	96.65	3.35
mannequin	1987	59.43	40.57	64.49	35.51
marked_for_death	1990			83.95	16.05
marksman_tt6902332	2021			85.74	14.26
marley..me_tt0822832	2009	100.00	0.00	100.00	0.00
married.to.the._tt0095593	1988	81.34	18.66	52.52	47.48
marry.me_tt10223460	2022	100.00	0.00	84.41	15.59
martian	2015			100.00	0.00
mary_poppins_returns	2019	100.00	0.00	80.42	19.58
mask_1985	1985	100.00	0.00	5.03	94.97
mask_1994	1994			69.84	30.16
mask_of_zorro	1998	100.00	0.00	64.88	35.12
master.and.comm_tt0311113	2003			100.00	0.00
matilda_tt0117008	1996	57.91	42.09	0.00	100.00
matrix	1999	100.00	0.00	74.16	25.84
matrix.resurrec_tt10838180	2021	100.00	0.00	73.24	26.76
matrix_reloaded	2003	100.00	0.00	67.77	32.23
matrix_revolutions	2003	100.00	0.00	56.03	43.97
maverick	1994	100.00	0.00	78.12	21.88
maze.runner.the_tt4046784	2015	35.79	64.21	89.42	10.58
maze.runner.the_tt4500922	2018	61.94	38.06	87.44	12.56
maze_runner	2014	84.55	15.45	85.16	14.84
me.before.you_tt2674426	2016	100.00	0.00	100.00	0.00
me_myself_and_irene	2000	100.00	0.00	80.62	19.38
mean_girls	2004	49.53	50.47		
medicine.man_tt0104839	1992	100.00	0.00	100.00	0.00
meet.joe.black_tt0119643	1998	100.00	0.00	85.78	14.22
meet_the_fockers	2005	100.00	0.00	59.84	40.16
meet_the_parents	2000			59.42	40.58
meg	2018	100.00	0.00	67.83	32.17
memphis.belle_tt0100133	1990			100.00	0.00
men.in.black.in_tt2283336	2019	94.33	5.67	70.75	29.25
men.of.honor_tt0203019	2000			83.65	16.35
men_in_black	1997	100.00	0.00	96.24	3.76
men_in_black_2	2002	0.00	100.00	95.24	4.76
men_in_black_3	2012			94.44	5.56
menu_tt9764362	2022	76.22	23.78	0.00	100.00
message.in.a.bo_tt0139462	1999	100.00	0.00	100.00	0.00
mexican_tt0236493	2001	100.00	0.00	48.27	51.73
miami.vice_tt0430357	2006			78.61	21.39
michael_fs	1997	100.00	0.00	100.00	0.00
micki..maude_tt0087718	1985	100.00	0.00	100.00	0.00
midnight.in.par_tt1605783	2011	0.00	100.00	87.83	12.17
midnight_run	1988			80.72	19.28
midway_tt6924650	2019			75.78	24.22
mighty.ducks_tt0104868	1992			82.97	17.03
mighty.morphin._tt0113820	1995	100.00	0.00	99.68	0.32
million_dollar_baby	2005	100.00	0.00	100.00	0.00
minority_report	2002			53.55	46.45
miracle_tt0349825	2004			100.00	0.00
miracles.from.h_tt4257926	2016	100.00	0.00	100.00	0.00
mirror.has.two._tt0117057	1996	100.00	0.00	100.00	0.00
mirror.mirror_tt1667353	2012	53.85	46.15	100.00	0.00
misery_tt0100157	1990	0.00	100.00	100.00	0.00
miss.congeniali_tt0212346	2001	84.05	15.95	87.93	12.07
miss_peregrine	2016	94.90	5.10	88.04	11.96
missing.in.acti_tt0087727	1984			93.87	6.13
mission.to.mars_tt0183523	2000	100.00	0.00	100.00	0.00
mission_impossible	1996	0.00	100.00	62.16	37.84
mission_impossible_2	2000	100.00	0.00	58.70	41.30
mission_impossible_3	2006	100.00	0.00	78.33	21.67
mission_impossible_4	2012	84.89	15.11	88.03	11.97
mission_impossible_fallout	2018	100.00	0.00	69.01	30.99
mississippi.bur_tt0095647	1989			78.18	21.82
mo.money_tt0104897	1992			82.52	17.48
modern.romance_tt0082764	1981	100.00	0.00	100.00	0.00
money.pit_tt0091541	1986	88.35	11.65	82.16	17.84
money.train_tt0113845	1995			84.97	15.03
moneyball_tt1210166	2011			86.69	13.31
monster.hunter_tt6475714	2020	100.00	0.00	100.00	0.00
monster_in_law	2005	59.07	40.93		
monuments.men_tt2177771	2014	100.00	0.00	95.32	4.68
moonfall_tt5834426	2022	100.00	0.00	100.00	0.00
moonstruck	1988	100.00	0.00	100.00	0.00
morbius_tt5108870	2022			58.74	41.26
mortal.kombat_tt0293429	2021	100.00	0.00	67.10	32.90
mortal_kombat_fs	1995	100.00	0.00	70.06	29.94
moscow.on.the.h_tt0087747	1984	100.00	0.00	91.69	8.31
motel.hell_tt0081184	1980	51.34	48.66	36.00	64.00
moulin.rouge_tt0203009	2001	100.00	0.00	69.56	30.44
mr..poppers.pen_tt1396218	2011			90.37	9.63
mr_deeds	2002	100.00	0.00	70.20	29.80
mr_hollands_opus	1996			94.92	5.08
mr_mom_fs	1983	74.90	25.10	56.24	43.76
mr_mrs_smith	2005	100.00	0.00	100.00	0.00
mrs_doubtfire	1994	0.00	100.00	78.56	21.44
mule_tt7959026	2018			63.94	36.06
mummy	1999	95.56	4.44	78.72	21.28
mummy_returns_fs	2001	63.64	36.36	74.35	25.65
mummy_tomb_of_the_dragon_emperor	2008	100.00	0.00	72.74	27.26
mummy_tt2345759	2017	69.42	30.58	82.93	17.07
muppet.treasure_tt0117110	1996			47.75	52.25
muppets.take.ma_tt0087755	1984			25.89	74.11
muppets_tt1204342	2011	100.00	0.00	78.02	21.98
murder.on.the.o_tt3402236	2017	0.00	100.00	77.12	22.88
murphys.romance_tt0089643	1986	100.00	0.00	75.43	24.57
music.and.lyric_tt0758766	2007	100.00	0.00	93.49	6.51
my.big.fat.gree_tt3760922	2016	100.00	0.00	100.00	0.00
my.cousin.vinny_tt0104952	1992	100.00	0.00	76.00	24.00
my.favorite.mar_tt0120764	1999	45.65	54.35	88.81	11.19
my.favorite.yea_tt0084370	1982			94.59	5.41
my.girl_tt0102492	1991	100.00	0.00		
my.tutor_tt0085980	1983	100.00	0.00	85.90	14.10
my_best_friends_wedding	1997	80.20	19.80		
my_bodyguard	1980			85.20	14.80
nacho_libre	2006			98.72	1.28
naked_gun	1989	100.00	0.00	81.86	18.14
naked_gun_25	1991	100.00	0.00	72.66	27.34
naked_gun_3313	1994	63.56	36.44	81.71	18.29
narnia	2006	82.95	17.05	96.94	3.06
national_treasure	2004	100.00	0.00	79.03	20.97
national_treasure_2	2008	100.00	0.00	87.01	12.99
natural	1984	0.00	100.00	81.68	18.32
natural.born.ki_tt0110632	1994	100.00	0.00	37.51	62.49
navy.seals_tt0100232	1990	100.00	0.00	97.68	2.32
necessary.rough_tt0102517	1991	100.00	0.00	90.82	9.18
negotiator_tt0120768	1998			73.51	26.49
neighbors	2014	100.00	0.00	52.43	47.57
neighbors.2.sor_tt4438848	2016	37.60	62.40	100.00	0.00
neighbors_tt0082801	1982	0.00	100.00	74.96	25.04
net_tt0113957	1995	100.00	0.00	0.00	100.00
never.been.kiss_tt0151738	1999	75.05	24.95	0.00	100.00
never.cry.wolf_tt0086005	1984			87.13	12.87
never_say_never_again	1983	61.03	38.97	73.15	26.85
neverending.sto_tt0088323	1984			100.00	0.00
new_jack_city	1991			39.19	60.81
new_mutants	2020	82.96	17.04	100.00	0.00
next.friday_tt0195945	2000			82.87	17.13
night.at.the.mu_tt2692250	2014	0.00	100.00	87.69	12.31
night.school_tt6781982	2018			81.40	18.60
night.shift_tt0084412	1982	100.00	0.00	100.00	0.00
night_at_the_museum	2007			82.10	17.90
night_at_the_museum_battle_of_the_smithsonian	2009	100.00	0.00	66.84	33.16
nighthawks	1981	0.00	100.00	61.44	38.56
nightmare_on_elm_street_3	1987	100.00	0.00	96.61	3.39
nightmare_on_elm_street_4	1988	100.00	0.00	0.00	100.00
nine_months	1995	100.00	0.00	100.00	0.00
nine_to_five	1980	96.98	3.02	0.00	100.00
no.country.for._tt0477348	2007			66.40	33.60
no.reservations_tt0481141	2007	90.17	9.83	100.00	0.00
no.strings.atta_tt1411238	2011	100.00	0.00	100.00	0.00
no.time.to.die_tt2382320	2021	100.00	0.00	70.36	29.64
no.way.out_tt0093640	1987			52.74	47.26
noah	2014	100.00	0.00	85.97	14.03
nobody_tt7888964	2021			81.60	18.40
nobodys.fool_tt0110684	1995			82.13	17.87
nonstop_tt2024469	2014	100.00	0.00	78.99	21.01
nope_tt10954984	2022	100.00	0.00	100.00	0.00
norbit	2007	100.00	0.00	0.00	100.00
northman_tt11138512	2022	0.00	100.00	64.19	35.81
notebook_tt0332280	2004	89.19	10.81	90.60	9.40
nothing.in.comm_tt0091653	1986			89.60	10.40
nothing.to.lose_tt0119807	1997			88.22	11.78
notting_hill	1999	100.00	0.00	98.27	1.73
now.you.see.me._tt3110958	2016	100.00	0.00	62.52	37.48
now_you_see_me	2013	100.00	0.00	77.68	22.32
nude.bomb_tt0081249	1980			88.76	11.24
nun	2018	97.96	2.04	100.00	0.00
nutcracker.and._tt5523010	2018	82.77	17.23		
nuts_tt0093660	1987	70.73	29.27	48.55	51.45
nutty_professor	1996			0.00	100.00
oblivion_tt1483013	2013	87.34	12.66	100.00	0.00
obsessed_tt1198138	2009	50.36	49.64	100.00	0.00
oceans_11_fs	2002			85.31	14.69
oceans_13	2007			79.97	20.03
oceans_8	2018	100.00	0.00	0.00	100.00
oceans_twelve	2004	0.00	100.00	82.34	17.66
octopussy	1983	59.27	40.73	64.78	35.22
officer_and_a_gentleman	1983	72.76	27.24	80.17	19.83
oh.god.book.ii_tt0081268	1980	75.23	24.77	44.28	55.72
oh.god_tt0087835	1984			65.40	34.60
oh.heavenly.dog_tt0081269	1980	100.00	0.00	54.90	45.10
old.school_tt0302886	2003			86.31	13.69
old_tt10954652	2021	100.00	0.00	65.47	34.53
olympus.has.fal_tt2302755	2013			57.37	42.63
omen_3	1981	0.00	100.00	72.89	27.11
omen_tt0466909	2006	75.88	24.12	90.80	9.20
on.deadly.groun_tt0110725	1994	100.00	0.00	45.84	54.16
on_golden_pond	1982	100.00	0.00	100.00	0.00
once.upon.a.tim_tt0285823	2003	0.00	100.00	90.53	9.47
once_upon_a_time_in_hollywood	2019	50.86	49.14	96.34	3.66
open.range_tt0316356	2003			89.85	10.15
ordinary_people	1980	0.00	100.00	100.00	0.00
other.peoples.money_tt0102609	1991	0.00	100.00	71.83	28.17
other.woman_tt2203939	2014	100.00	0.00	0.00	100.00
other_guys	2010			88.15	11.85
others	2001	74.55	25.45	100.00	0.00
out.for.justice_tt0102614	1991			86.46	13.54
out.of.sight_tt0120780	1998	100.00	0.00	75.03	24.97
out_of_africa	1986	100.00	0.00	0.00	100.00
outbreak	1995	100.00	0.00	71.38	28.62
outland	1981	100.00	0.00	88.15	11.85
outrageous_fortune	1987	100.00	0.00	0.00	100.00
outsiders_tt0086066	1983			94.14	5.86
oz_the_great_and_powerful	2013	47.58	52.42	99.30	0.70
pacific.heights_tt0100318	1990	100.00	0.00	75.25	24.75
pacific.rim.upr_tt2557478	2018	100.00	0.00	81.31	18.69
pacific_rim	2013	100.00	0.00	100.00	0.00
pacifier	2005	100.00	0.00	85.93	14.07
paddington_tt1109624	2015	57.96	42.04	88.47	11.53
pale_rider	1985			70.80	29.20
panic_room	2002	100.00	0.00	0.00	100.00
paper_tt0110771	1994	45.38	54.62	100.00	0.00
paranormal.acti_tt1536044	2010	71.10	28.90		
paranormal_activity	2009	100.00	0.00	100.00	0.00
paranormal_activity_3	2011	100.00	0.00	100.00	0.00
parasite	2020	79.77	20.23	75.91	24.09
parent_trap	1998	81.64	18.36		
parenthood	1989	100.00	0.00	100.00	0.00
passenger.57_tt0105104	1992	75.02	24.98	52.49	47.51
passengers_tt1355644	2016	100.00	0.00	100.00	0.00
passion_of_the_christ	2004	0.00	100.00	18.75	81.25
patch_fs	1999			85.89	14.11
patriot	2000			74.67	25.33
patriot_games	1992	0.00	100.00	69.55	30.45
paul.blart.mall_tt3450650	2015	100.00	0.00	88.74	11.26
paul_blart_mall_cop	2009			72.90	27.10
payback	1999	100.00	0.00	53.09	46.91
pearl_harbor	2001	100.00	0.00	100.00	0.00
pee_wees_big_adventure	1985			91.59	8.41
peggy_sue_got_married_fs	1986	100.00	0.00		
pelican_brief	1994	100.00	0.00	89.93	10.07
percy.jackson.._tt0814255	2010	80.51	19.49	89.23	10.77
percy.jackson.s_tt1854564	2013	100.00	0.00	93.01	6.99
perfect.guy_tt3862750	2015	100.00	0.00	0.00	100.00
perfect_murder	1998	100.00	0.00	0.00	100.00
perfect_storm	2000			92.66	7.34
pet.sematary_tt0837563	2019	0.00	100.00	100.00	0.00
pet_sematary	1989	0.00	100.00	93.61	6.39
peter_rabbit	2018			0.33	99.67
peter_rabbit_2	2021	100.00	0.00	66.01	33.99
petes.dragon_tt2788732	2016	100.00	0.00	84.41	15.59
phantom_menace	1999	100.00	0.00	98.27	1.73
phenomenon	1996			96.83	3.17
philadelphia	1994			87.75	12.25
photograph	2020	100.00	0.00	100.00	0.00
pineapple_express	2008	0.00	100.00	87.15	12.85
pink.floyd.the._tt0084503	1982	0.00	100.00	87.03	12.97
pink_panther	2006			79.87	20.13
pirates_at_worlds_end	2007	100.00	0.00	79.53	20.47
pirates_black_pearl	2003	100.00	0.00	71.22	28.78
pirates_dead_mans_chest	2006	100.00	0.00	84.21	15.79
pirates_dead_men_tell_no_tales	2017	100.00	0.00	92.60	7.40
pirates_of_the_caribbean_on_stranger_tides	2011	21.79	78.21	82.11	17.89
pitch.perfect.3_tt4765284	2017	100.00	0.00	0.00	100.00
pitch.perfect_tt1981677	2012	70.19	29.81	72.61	27.39
pitch_perfect_2	2015	94.10	5.90	0.00	100.00
pixels_tt2120120	2015	96.15	3.85	100.00	0.00
places.in.the.h_tt0087921	1984	100.00	0.00	79.45	20.55
planes.trains.._tt0093748	1987			100.00	0.00
planet_of_the_apes_2001	2001	100.00	0.00	99.06	0.94
platoon	1987			53.35	46.65
pleasantville_tt0120789	1998	100.00	0.00	78.43	21.57
point_break	1991	100.00	0.00	69.88	30.12
police.academy._tt0093756	1987			60.11	39.89
police.academy._tt0095882	1988	100.00	0.00	59.12	40.88
police_academy_2	1985			68.12	31.88
police_academy_3	1986			36.97	63.03
police_academy_fs	1984	100.00	0.00	49.16	50.84
poltergeist	1982	100.00	0.00	89.54	10.46
poltergeist_2	1986	100.00	0.00	89.46	10.54
popeye	1980	100.00	0.00	59.44	40.56
porkys	1982	0.00	100.00	95.79	4.21
porkys.revenge_tt0089826	1985			100.00	0.00
porkys_2	1983	100.00	0.00	81.09	18.91
poseidon_tt0409182	2006	100.00	0.00	100.00	0.00
post_tt6294822	2018	100.00	0.00	91.79	8.21
postcards.from._tt0100395	1990	73.28	26.72	0.00	100.00
power.rangers_tt3717490	2017	87.58	12.42	100.00	0.00
practical.magic_tt0120791	1998	100.00	0.00	0.00	100.00
predator	1987			96.67	3.33
predator.2_tt0100403	1990	100.00	0.00	84.02	15.98
premonition_tt0477071	2007	100.00	0.00		
presidio_tt0095897	1988			95.69	4.31
prestige_tt0482571	2006			0.00	100.00
presumed_innocent	1990	0.00	100.00	69.72	30.28
pretty_in_pink	1986	96.11	3.89	0.00	100.00
pretty_woman	1990	100.00	0.00	85.60	14.40
prey.for.the.de_tt9271672	2022	100.00	0.00	100.00	0.00
primal_fear	1996	0.00	100.00	65.71	34.29
primary.colors_tt0119942	1998			93.01	6.99
prince.of.the.c_tt0082945	1981			100.00	0.00
prince_of_persia	2010	100.00	0.00	76.16	23.84
prince_of_tides	1992	81.88	18.12	90.84	9.16
princess.bride_tt0093779	1987	100.00	0.00	55.02	44.98
princess_diaries_2	2004	100.00	0.00	0.00	100.00
princess_diaries_fs	2001	95.63	4.37	0.00	100.00
private.school_tt0086143	1983	46.41	53.59	100.00	0.00
private_benjamin_fs	1980	79.30	20.70	0.00	100.00
prizzis.honor_tt0089841	1985	0.00	100.00	73.91	26.09
problem_child	1990	0.00	100.00	77.93	22.07
project.x_tt1636826	2012			98.92	1.08
prometheus	2012	76.43	23.57	33.94	66.06
proposal	2009	100.00	0.00	71.49	28.51
psycho_2	1983	0.00	100.00	100.00	0.00
public.enemies_tt1152836	2009	100.00	0.00	58.46	41.54
pulp_fiction	1995	0.00	100.00	80.98	19.02
punchline_tt0095927	1988	100.00	0.00	100.00	0.00
purge.anarchy_tt2975578	2014	100.00	0.00	95.46	4.54
purge.election._tt4094724	2016	100.00	0.00	79.33	20.67
purge_tt2184339	2013	88.11	11.89	75.85	24.15
purple_rain_fs	1984			94.43	5.57
pursuit_of_happyness	2007			100.00	0.00
quantum_of_solace	2008	100.00	0.00	62.61	37.39
quest.for.fire_tt0082484	1982	100.00	0.00	96.85	3.15
quiet_place	2018	100.00	0.00	100.00	0.00
race.to.witch.m_tt1075417	2009	100.00	0.00	85.13	14.87
racing.stripes_tt0376105	2005	72.27	27.73	100.00	0.00
raggedy.man_tt0082969	1981	100.00	0.00	49.39	50.61
raging_bull	1980			83.80	16.20
ragtime_tt0082970	1981	100.00	0.00	75.56	24.44
raiders_of_the_lost_ark	1982	100.00	0.00	70.59	29.41
rainmaker_tt0119978	1997			80.43	19.57
rainman	1989			96.63	3.37
raising.arizona_tt0093822	1987	100.00	0.00	49.08	50.92
rambo_2	1985	100.00	0.00	68.25	31.75
rambo_3	1988			100.00	0.00
rambo_first_blood	1982			48.59	51.41
rampage_tt2231461	2018	75.86	24.14	88.74	11.26
ransom	1996	70.12	29.88	52.69	47.31
rat.race_tt0250687	2001	94.19	5.81	84.11	15.89
ray_tt0350258	2004			100.00	0.00
ready_player_one	2018	76.61	23.39	59.25	40.75
real_steel	2011	100.00	0.00	88.52	11.48
red.eye_tt0421239	2005	100.00	0.00	0.00	100.00
red.heat_tt0095963	1988			87.50	12.50
red_dawn	1984	100.00	0.00	78.52	21.48
red_dragon	2002			53.59	46.41
red_tt1245526	2010	91.08	8.92	72.87	27.13
reds	1982	100.00	0.00	100.00	0.00
regarding_henry	1991	100.00	0.00	100.00	0.00
reign.of.fire_tt0253556	2002	100.00	0.00	100.00	0.00
remember_the_titans	2000			99.15	0.85
replacements_tt0191397	2000	100.00	0.00	88.08	11.92
resident.evil.a_tt1220634	2010	98.42	1.58	39.05	60.95
resident.evil.e_tt0432021	2007	100.00	0.00	47.75	52.25
resident.evil.w_tt6920084	2021	100.00	0.00	57.34	42.66
respect_tt2452150	2021	100.00	0.00	0.00	100.00
return_of_the_jedi	1997	100.00	0.00	80.35	19.65
revenant	2016			65.31	34.69
revenge.of.the._tt0093857	1987			79.19	20.81
revenge_of_the_nerds	1984	0.00	100.00	87.52	12.48
revenge_of_the_sith	2005	100.00	0.00	78.88	21.12
rhinestone_tt0088001	1984	100.00	0.00	71.18	28.82
rhythm.section_tt7134096	2020	100.00	0.00	0.00	100.00
richard.jewell_tt3513548	2020	0.00	100.00	82.94	17.06
ride_along	2014			86.59	13.41
ride_along_2	2016	100.00	0.00	89.25	10.75
ring	2002	98.33	1.67	100.00	0.00
ring_2_fs	2005	99.31	0.69	100.00	0.00
rise_of_skywalker	2020	100.00	0.00	80.85	19.15
rise_of_the_planet_of_the_apes	2011			72.90	27.10
rising_sun	1993	100.00	0.00	87.29	12.71
risky_business	1983	100.00	0.00	90.70	9.30
river.wild_tt0110997	1994	100.00	0.00	44.86	55.14
road.house_tt0098206	1989			71.29	28.71
road.trip_tt0215129	2000			92.59	7.41
road.warrior_tt0082694	1982			94.00	6.00
road_to_perdition	2002			61.25	38.75
roadie_tt0081433	1980	100.00	0.00	83.18	16.82
robin.hood.men._tt0107977	1993			48.02	51.98
robin_hood	2010	100.00	0.00	67.84	32.16
robin_hood_prince_of_thieves	1991	89.21	10.79	75.75	24.25
robocop	1987	100.00	0.00	21.61	78.39
robocop_2	1990	29.62	70.38	35.54	64.46
robocop_tt1234721	2014	0.00	100.00	63.14	36.86
rock	1996			69.01	30.99
rocketeer	1991	100.00	0.00	59.24	40.76
rocketman	2019	0.00	100.00	85.78	14.22
rocky.v_tt0100507	1990			63.33	36.67
rocky_3	1982	100.00	0.00	88.48	11.52
rocky_4	1986			71.77	28.23
rogue_nation	2015	100.00	0.00	72.76	27.24
rogue_one	2017	100.00	0.00	83.32	16.68
role.models_tt0430922	2008			95.17	4.83
rollover_tt0083006	1981	100.00	0.00	79.03	20.97
romancing_the_stone	1984	100.00	0.00	61.51	38.49
romeo..juliet_tt0117509	1996	81.94	18.06	74.43	25.57
romeo.must.die_tt0165929	2000	100.00	0.00	56.11	43.89
ronin_tt0122690	1998			74.14	25.86
rookie	1993			75.98	24.02
rookie_tt0265662	2002			91.05	8.95
roxanne_fs	1987	100.00	0.00	100.00	0.00
royal.tenenbaum_tt0265666	2002	100.00	0.00	76.84	23.16
rules.of.engage_tt0160797	2000			71.81	28.19
rumble.in.the.b_tt0113326	1996			78.68	21.32
runaway_bride	1999	100.00	0.00	100.00	0.00
running.man_tt0093894	1987	100.00	0.00	57.65	42.35
running.scared_tt0091875	1986			88.24	11.76
rush_hour	1998			89.09	10.91
rush_hour_2	2001	0.00	100.00	91.89	8.11
rush_hour_3_fs	2007			87.79	12.21
ruthless_people	1986	65.16	34.84	34.38	65.62
rv	2006	100.00	0.00	92.03	7.97
safe.haven_tt1702439	2013	100.00	0.00	64.21	35.79
safe_house	2012			68.26	31.74
sahara_tt0318649	2005	100.00	0.00	76.53	23.47
saint_tt0120053	1997	100.00	0.00	78.65	21.35
salt	2010	100.00	0.00	0.00	100.00
san_andreas	2015	100.00	0.00	93.56	6.44
sandlot_tt0108037	1993			100.00	0.00
santa.claus.the_tt0089961	1985	100.00	0.00	67.64	32.36
santa_clause	1994	0.00	100.00	86.83	13.17
santa_clause_2	2002			0.00	100.00
santa_clause_3	2006	100.00	0.00	65.03	34.97
save_the_last_dance	2001	92.37	7.63	80.88	19.12
saving_private_ryan	1998			100.00	0.00
saw.iv_tt0890870	2007	100.00	0.00	59.86	40.14
saw.v_tt1132626	2008	100.00	0.00	51.63	48.37
saw_2	2005	0.00	100.00	58.10	41.90
saw_3	2006	54.89	45.11	68.14	31.86
scarface_tt0086250	1984			77.52	22.48
scary.movie.2_tt0257106	2001	100.00	0.00	65.79	34.21
scary.stories.t_tt3387520	2019	100.00	0.00	93.65	6.35
scary_movie	2000	100.00	0.00	0.00	100.00
scary_movie_3	2003	100.00	0.00	100.00	0.00
scary_movie_4	2006	100.00	0.00	84.24	15.76
scent_of_a_woman	1993			94.87	5.13
schindlers_list	1994			78.01	21.99
school.of.rock_tt0332379	2003	0.00	100.00	96.50	3.50
scooby_doo	2002	100.00	0.00	84.52	15.48
scooby_doo_2	2004	89.27	10.73	96.31	3.69
score_tt0227445	2001			47.62	52.38
scorpion.king_tt0277296	2002	100.00	0.00	68.18	31.82
scream	1997	100.00	0.00	0.00	100.00
scream_2	1997	89.34	10.66	79.94	20.06
scream_3	2000	100.00	0.00	75.38	24.62
scream_tt11245972	2022	90.18	9.82	39.52	60.48
scrooged	1988			88.02	11.98
sea_of_love	1989	100.00	0.00	97.21	2.79
seabiscuit_fs	2003			97.10	2.90
secret.garden_tt0108071	1993	79.20	20.80	100.00	0.00
secret_of_my_success	1987	100.00	0.00	74.49	25.51
secretariat_tt1028576	2010	100.00	0.00	0.00	100.00
see_no_evil_hear_no_evil	1989	0.00	100.00	88.47	11.53
selma_tt1020072	2015	100.00	0.00	87.47	12.53
sense.and.sensi_tt0114388	1996	82.28	17.72	0.00	100.00
serendipity_tt0240890	2001	100.00	0.00	100.00	0.00
serpent.and.the_tt0096071	1988			86.43	13.57
set.it.off_tt0117603	1996	100.00	0.00	0.00	100.00
seven	1995			93.20	6.80
sex.lies.and.vi_tt0098724	1989	71.08	28.92	53.66	46.34
sex_and_the_city	2008	100.00	0.00	0.00	100.00
sex_and_the_city_2	2010	100.00	0.00		
shack_tt2872518	2017			98.83	1.17
shadow_tt0111143	1994	100.00	0.00	59.87	40.13
shadowlands_tt0108101	1994	100.00	0.00	100.00	0.00
shaft_2000	2000			43.01	56.99
shaggy.dog_tt0393735	2006			76.06	23.94
shakespeare_in_love	1999	100.00	0.00	80.78	19.22
shallow.hal_tt0256380	2001	100.00	0.00	72.71	27.29
shallows_tt4052882	2016	100.00	0.00		
shangchi.and.th_tt9376612	2021	100.00	0.00	67.95	32.05
shanghai.knight_tt0300471	2003	100.00	0.00	87.69	12.31
shanghai.noon_tt0184894	2000	100.00	0.00	85.58	14.42
sharkys_machine_fs	1982	100.00	0.00	78.57	21.43
shazam	2019			77.83	22.17
sherlock_holmes	2010	100.00	0.00	87.68	12.32
sherlock_holmes_game_of_shadows	2012	100.00	0.00	82.24	17.76
shes.all.that_tt0160862	1999	74.67	25.33	76.65	23.35
shining	1980	100.00	0.00	37.36	62.64
shoot.to.kill_tt0096098	1988			89.98	10.02
shooter_tt0822854	2007	100.00	0.00	76.09	23.91
short.circuit.2_tt0096101	1988	100.00	0.00	82.36	17.64
short_circuit	1986	100.00	0.00	57.10	42.90
shutter_island	2010			78.10	21.90
sideways_tt0375063	2005			100.00	0.00
siege_tt0133952	1998	100.00	0.00	81.40	18.60
signs	2002	100.00	0.00	100.00	0.00
silence_of_the_lambs	1991	100.00	0.00	0.00	100.00
silkwood	1984	100.00	0.00		
silver_linings_playbook	2013	100.00	0.00	100.00	0.00
silverado	1985			75.03	24.97
simple.favor_tt7040874	2018	70.71	29.29		
sin.city_tt0401792	2005	78.21	21.79	72.04	27.96
single.white.fe_tt0105414	1992	59.90	40.10	0.00	100.00
sister.act.2.ba_tt0108147	1993	95.51	4.49	0.00	100.00
sister_act	1992	100.00	0.00	0.00	100.00
six.pack_tt0084690	1982	100.00	0.00	88.67	11.33
six_days_seven_nights	1998	100.00	0.00	99.37	0.63
sixteen.candles_tt0088128	1984	100.00	0.00	100.00	0.00
sixth_sense	1999	0.00	100.00	97.98	2.02
sky.high_tt0405325	2005	58.84	41.16	94.08	5.92
skyfall	2012	100.00	0.00	73.63	26.37
skyscraper_tt5758778	2018	88.56	11.44	62.46	37.54
sleepers	1996			87.68	12.32
sleeping_with_the_enemy	1991	100.00	0.00	0.00	100.00
sleepless_in_seattle_fs	1993	100.00	0.00	100.00	0.00
sleepwalkers_tt0105428	1992	57.95	42.05	0.00	100.00
sleepy_hollow	1999	59.55	40.45	96.72	3.28
sliver_tt0108162	1993	100.00	0.00	0.00	100.00
slumdog_millionaire	2009	100.00	0.00	61.98	38.02
small.soldiers_tt0122718	1998	100.00	0.00	87.12	12.88
smile_tt15474916	2022	100.00	0.00	100.00	0.00
smokey_and_the_bandit_2	1980	100.00	0.00	83.34	16.66
snake.eyes_tt0120832	1998	100.00	0.00	55.00	45.00
snake.eyes_tt8404256	2021	0.00	100.00	88.23	11.77
snatched_tt2334871	2017	100.00	0.00	0.00	100.00
sneakers_tt0105435	1992	100.00	0.00	87.83	12.17
snow.day_tt0184907	2000	100.00	0.00	61.84	38.16
snow.dogs_tt0281373	2002			76.90	23.10
snow_white_and_the_huntsman	2012	65.71	34.29	79.22	20.78
soapdish_tt0102951	1991	74.48	25.52	0.00	100.00
social.network.movie_tt1285016	2010			47.09	52.91
solo	2018	90.32	9.68	71.28	28.72
some.kind.of.he_tt0083107	1982			98.51	1.49
something_about_mary	1998	100.00	0.00	49.03	50.97
something_to_talk_about	1995	100.00	0.00	0.00	100.00
somethings.gott_tt0337741	2004	100.00	0.00	100.00	0.00
somewhere.in.ti_tt0081534	1980	100.00	0.00	86.15	13.85
sommersby	1993	100.00	0.00	88.29	11.71
son.in.law_tt0108186	1993	100.00	0.00	72.79	27.21
son.of.god_tt3210686	2014	100.00	0.00	82.37	17.63
sonic.the.hedge_tt12412888	2022	100.00	0.00	50.52	49.48
sonic_the_hedgehog	2020	100.00	0.00	72.04	27.96
sophies.choice_tt0084707	1983	100.00	0.00	59.81	40.19
sorcerers.appre_tt0963966	2010	0.00	100.00	80.64	19.36
soul.food_tt0120169	1997	100.00	0.00	100.00	0.00
soul.man_tt0091991	1986			100.00	0.00
source.code_tt0945513	2011			79.63	20.37
southpaw_tt1798684	2015			77.61	22.39
space_cowboys	2000			81.59	18.41
spaceballs_fs	1987	100.00	0.00	51.91	48.09
spacehunter.adv_tt0086346	1983	100.00	0.00	99.40	0.60
spawn_tt0120177	1997	0.00	100.00	17.91	82.09
specialist	1994	100.00	0.00	38.49	61.51
species	1995	41.12	58.88	100.00	0.00
spectre	2015	100.00	0.00	75.71	24.29
speed	1994	100.00	0.00	76.57	23.43
speed.2.cruise._tt0120179	1997	100.00	0.00	70.95	29.05
sphere_tt0120184	1998	100.00	0.00	100.00	0.00
sphinx_tt0083113	1981	100.00	0.00		
spiderman	2002			72.97	27.03
spiderman.no.wa_tt10872600	2022	100.00	0.00	81.75	18.25
spiderman_2_fs	2004			68.04	31.96
spiderman_3	2007			64.58	35.42
spiderman_far_from_home	2019			69.46	30.54
spiderman_homecoming	2017			76.61	23.39
spiderwick.chro_tt0416236	2008	100.00	0.00	96.46	3.54
spies_like_us_fs	1986	100.00	0.00	74.67	25.33
spiral_tt10342730	2021			69.69	30.31
splash	1984	100.00	0.00	81.31	18.69
split	2017	100.00	0.00	0.00	100.00
spring.break_tt0086352	1983			100.00	0.00
spy	2015	79.28	20.72	79.62	20.38
spy.game_tt0266987	2001			82.90	17.10
spy.kids.2.isla_tt0287717	2002	100.00	0.00	66.77	33.23
spy_kids	2001	94.28	5.72	61.52	38.48
spy_kids_3	2003	53.39	46.61	82.51	17.49
st_elmos_fire	1985	100.00	0.00	100.00	0.00
stakeout	1987			85.26	14.74
stand_by_me	1986			90.66	9.34
star.trek.insur_tt0120844	1998			80.32	19.68
star.wars.episo_tt0076759	1997	100.00	0.00	79.13	20.87
star_is_born	2018	100.00	0.00	92.71	7.29
star_trek_2	1982	100.00	0.00	62.43	37.57
star_trek_3	1984			86.97	13.03
star_trek_4	1987	100.00	0.00	100.00	0.00
star_trek_5_final_frontier	1989			81.22	18.78
star_trek_6	1991	0.00	100.00	91.07	8.93
star_trek_beyond	2016	98.06	1.94	98.63	1.37
star_trek_first_contact	1996	66.27	33.73	100.00	0.00
star_trek_generations	1994	0.00	100.00	88.03	11.97
star_trek_into_darkness	2013	100.00	0.00	77.98	22.02
star_trek_xi	2009			97.61	2.39
star_wars_2_attack_of_the_clones	2002	95.24	4.76	88.53	11.47
stardust.memori_tt0081554	1980			100.00	0.00
stargate.movie_tt0111282	1994			90.40	9.60
starship.troope_tt0120201	1997	100.00	0.00	100.00	0.00
starsky_and_hutch	2004	0.00	100.00	84.68	15.32
staying_alive	1983	0.00	100.00	100.00	0.00
steel.magnolias_tt0098384	1990	100.00	0.00		
step.up.2.the.s_tt1023481	2008	100.00	0.00	73.40	26.60
step.up_tt0462590	2006	100.00	0.00	100.00	0.00
step_brothers	2008			87.34	12.66
stepford.wives_tt0327162	2004	79.38	20.62	74.27	25.73
stepmom_tt0120686	1999	100.00	0.00		
stigmata_tt0145531	1999	100.00	0.00	80.47	19.53
still.smokin_tt0086366	1983			100.00	0.00
stillwater_tt10696896	2021	100.00	0.00	100.00	0.00
stir_crazy	1980			83.47	16.53
stomp.the.yard_tt0775539	2007			80.73	19.27
stop.or.my.mom._tt0105477	1992	100.00	0.00	81.47	18.53
straight_outta_compton	2015			79.34	20.66
strangers_tt0482606	2008	99.75	0.25	100.00	0.00
stripes	1981			72.22	27.78
striptease_tt0117765	1996	100.00	0.00	0.00	100.00
stuart_little	2000			100.00	0.00
sudden_impact	1984	75.88	24.12	92.94	7.06
suicide.squad_tt6334354	2021	77.66	22.34	64.85	35.15
suicide_squad	2016	84.98	15.02	92.40	7.60
sully	2016			100.00	0.00
sum_of_all_fears	2002			89.88	10.12
summer.rental_tt0090098	1985			84.76	15.24
summer.school_tt0094072	1987			78.94	21.06
super_8	2011	100.00	0.00	96.04	3.96
superbad	2007			100.00	0.00
superman_2	1981	69.56	30.44	43.82	56.18
superman_3	1983	0.00	100.00	38.78	61.22
superman_returns	2006	79.00	21.00	65.66	34.34
survivors_tt0086397	1983			79.83	20.17
swat	2003	100.00	0.00	69.97	30.03
sweet_home_alabama	2002	88.90	11.10	85.41	14.59
sword_and_the_sorcerer	1982	100.00	0.00	52.07	47.93
swordfish_tt0244244	2001	0.00	100.00	57.88	42.12
tag_tt2854926	2018	0.00	100.00	87.33	12.67
taken	2009	100.00	0.00	80.72	19.28
taken_2	2012	100.00	0.00	82.87	17.13
taken_3	2015			53.58	46.42
taking.of.pelha_tt1111422	2009			58.01	41.99
talented.mr..ri_tt0134119	2000	0.00	100.00	73.39	26.61
talladega_nights	2006			71.73	28.27
tammy_tt2103254	2014	100.00	0.00		
tango_and_cash	1990			86.32	13.68
taps	1982			93.38	6.62
teachers_tt0088242	1984	0.00	100.00	60.11	39.89
ted	2012	100.00	0.00	79.25	20.75
ted.2_tt2637276	2015	100.00	0.00	85.33	14.67
teen_wolf	1985			81.61	18.39
teenage.mutant._tt0108308	1993	100.00	0.00	0.92	99.08
teenage.mutant._tt3949660	2016	83.51	16.49	60.58	39.42
temple_of_doom	1984	100.00	0.00	84.64	15.36
tenet	2020	65.54	34.46	82.77	17.23
tequila.sunrise_tt0096244	1988	100.00	0.00	72.55	27.45
terabithia_fs	2007	90.86	9.14	100.00	0.00
terminal_tt0362227	2004			72.85	27.15
terminator	1984	100.00	0.00	56.17	43.83
terminator.dark_tt6450804	2019	100.00	0.00	0.00	100.00
terminator_2	1991	100.00	0.00	87.86	12.14
terminator_3	2003	76.35	23.65	100.00	0.00
terminator_genisys	2015	100.00	0.00	75.66	24.34
terminator_salvation	2009			95.19	4.81
terms_of_endearment	1984	100.00	0.00		
texas.chainsaw._tt0324216	2003	92.84	7.16	79.95	20.05
thelma_and_louise	1991	100.00	0.00	0.00	100.00
thing_tt0084787	1982			57.97	42.03
things.are.toug_tt0084788	1982			0.00	100.00
think.like.a.ma_tt2239832	2014	86.13	13.87	100.00	0.00
this.christmas_tt0937375	2007	100.00	0.00	77.15	22.85
this.means.war_tt1596350	2012	100.00	0.00	96.50	3.50
this_is_the_end	2013			77.27	22.73
thomas_crown_affair	1999	100.00	0.00	57.81	42.19
thor	2011	100.00	0.00	68.92	31.08
thor.love.and.t_tt10648342	2022	100.00	0.00	77.80	22.20
thor_dark_world	2013	100.00	0.00	92.99	7.01
thor_ragnarok	2017	67.03	32.97	86.49	13.51
three.amigos_tt0092086	1986			83.58	16.42
three.fugitives_tt0098471	1989			90.48	9.52
three.kings_tt0120188	1999			92.74	7.26
three_men_and_a_baby	1988			95.47	4.53
three_men_and_a_little_lady	1990	100.00	0.00	87.90	12.10
three_musketeers	1993	0.00	100.00	68.59	31.41
throw.momma.fro_tt0094142	1988	0.00	100.00	100.00	0.00
ticket.to.parad_tt14109724	2022	100.00	0.00	100.00	0.00
tightrope	1984			99.31	0.69
time.machine_tt0268695	2002	100.00	0.00	92.96	7.04
time.travelers._tt0452694	2009	100.00	0.00	100.00	0.00
time_bandits	1982			82.89	17.11
time_to_kill	1996	100.00	0.00	80.42	19.58
timecop_tt0111438	1994	0.00	100.00	67.49	32.51
tin.men_tt0094155	1987			0.00	100.00
tin_cup	1996	100.00	0.00	87.01	12.99
titanic	2012	84.78	15.22	59.96	40.04
tmnt_1990	1990	100.00	0.00	84.02	15.98
tmnt_2	1991			97.84	2.16
tmnt_2014	2014	100.00	0.00	51.61	48.39
to.live.and.die_tt0090180	1985			78.35	21.65
to.wong.foo.tha_tt0114682	1995			82.44	17.56
tomb.raider_tt1365519	2018	95.55	4.45	0.00	100.00
tombstone_tt0108358	1994			84.35	15.65
tommy.boy_tt0114694	1995	63.13	36.87	86.40	13.60
tomorrow_never_dies	1998	100.00	0.00	55.73	44.27
tomorrowland	2015	100.00	0.00	76.44	23.56
tooth.fairy_tt0808510	2010	0.00	100.00	100.00	0.00
tootsie	1983			85.11	14.89
top.gun.maveric_tt1745960	2022			87.32	12.68
top.secret_tt0088286	1984	100.00	0.00	77.36	22.64
top_gun	1986			85.60	14.40
total.recall_tt1386703	2012	56.59	43.41	82.36	17.64
total_recall	1990	50.97	49.03	66.78	33.22
tough.guys_tt0092105	1986			89.30	10.70
tower.heist_tt0471042	2011	100.00	0.00	90.96	9.04
town	2010	100.00	0.00	76.99	23.01
toy_tt0084809	1983			76.56	23.44
trading_places	1983	100.00	0.00	63.74	36.26
traffic	2001	100.00	0.00	79.66	20.34
training_day	2001			48.40	51.60
trainwreck	2015	92.18	7.82	100.00	0.00
transformers	2007	100.00	0.00	99.99	0.01
transformers_age_of_extinction	2014	100.00	0.00	79.21	20.79
transformers_dark_of_the_moon	2011	100.00	0.00	90.32	9.68
transformers_last_knight	2017	97.67	2.33	99.96	0.04
transformers_revenge_of_the_fallen	2009	100.00	0.00	99.94	0.06
tron	1982	100.00	0.00	73.74	26.26
tron_legacy	2011	100.00	0.00	55.18	44.82
tropic_thunder	2008			95.76	4.24
troy	2004			61.29	38.71
true_grit	2011	100.00	0.00	78.89	21.11
true_lies	1994	79.57	20.43	80.76	19.24
truman_show	1998	0.00	100.00	64.90	35.10
truth.about.cat_tt0117979	1996	100.00	0.00	100.00	0.00
tucker.the.man._tt0096316	1988			95.61	4.39
turner_and_hooch	1989			86.79	13.21
turning_tt7510346	2020	100.00	0.00	0.00	100.00
tuxedo_tt0290095	2002	100.00	0.00	84.19	15.81
twilight	2008	97.25	2.75	91.67	8.33
twilight_breaking_dawn_1	2011	100.00	0.00	98.31	1.69
twilight_breaking_dawn_2	2012	95.24	4.76	81.91	18.09
twilight_eclipse	2010	94.28	5.72	88.85	11.15
twilight_new_moon	2009	100.00	0.00	96.81	3.19
twins_fs	1989			97.59	2.41
twister	1996	100.00	0.00	90.77	9.23
two.weeks.notic_tt0313737	2002	88.54	11.46	100.00	0.00
u.s..marshals_tt0120873	1998			75.92	24.08
u571	2000			83.96	16.04
ugly.truth_tt1142988	2009	100.00	0.00	100.00	0.00
unbearable.weig_tt11291274	2022			93.23	6.77
unbreakable	2000			77.86	22.14
unbroken_tt1809398	2015			83.13	16.87
uncharted_tt1464335	2022	0.00	100.00	91.24	8.76
uncle_buck	1989	0.00	100.00	94.53	5.47
uncommon.valor_tt0086508	1984			100.00	0.00
uncut_gems	2020			81.08	18.92
under.siege.2.d_tt0114781	1995	100.00	0.00	49.70	50.30
under_siege	1992	100.00	0.00	39.68	60.32
under_the_rainbow	1981	100.00	0.00	58.64	41.36
underdog_tt0467110	2007			62.99	37.01
underwater	2020	100.00	0.00	100.00	0.00
underworld.awak_tt1496025	2012	100.00	0.00	60.79	39.21
underworld.evol_tt0401855	2006	100.00	0.00	54.72	45.28
unfaithful_tt0250797	2002	100.00	0.00	69.12	30.88
unforgiven	1992			74.45	25.55
unhinged	2020	100.00	0.00	43.60	56.40
unholy_tt9419056	2021	99.10	0.90	100.00	0.00
universal.soldi_tt0105698	1992	100.00	0.00	57.67	42.33
unknown_tt1401152	2011	67.70	32.30	76.67	23.33
unlawful_entry	1992	100.00	0.00	52.54	47.46
unstoppable_tt0477080	2010	100.00	0.00	82.86	17.14
untouchables	1987			87.23	12.77
up.close..perso_tt0118055	1996	93.88	6.12	100.00	0.00
upside	2019			100.00	0.00
urban.legend_tt0146336	1998	63.06	36.94	100.00	0.00
us	2019	0.00	100.00	0.00	100.00
v.for.vendetta_tt0434409	2006	100.00	0.00	0.00	100.00
vacation	1983	100.00	0.00	100.00	0.00
vacation_tt1524930	2015	100.00	0.00	98.46	1.54
valentines_day	2010	100.00	0.00	94.77	5.23
valley.girl_tt0086525	1983	100.00	0.00	77.77	22.23
van_helsing_fs	2004	78.75	21.25	72.00	28.00
vanilla.sky_tt0259711	2001	0.00	100.00	100.00	0.00
vantage.point_tt0443274	2008	0.00	100.00	68.32	31.68
varsity.blues_tt0139699	1999			63.36	36.64
venom	2018	100.00	0.00	75.79	24.21
venom.let.there_tt7097896	2021	66.92	33.08	75.79	24.21
verdict	1983	0.00	100.00	69.47	30.53
vertical.limit_tt0190865	2000	100.00	0.00	67.37	32.63
victorvictoria_tt0084865	1982	83.83	16.17	87.48	12.52
view_to_a_kill	1985	57.25	42.75	69.87	30.13
village	2004	100.00	0.00	44.92	55.08
violent.night_tt12003946	2022	0.00	100.00	41.31	58.69
visit_tt3567288	2015	62.26	37.74	69.02	30.98
volcano_tt0120461	1997	100.00	0.00	100.00	0.00
volunteers_tt0090274	1985	100.00	0.00	90.85	9.15
vow	2012	100.00	0.00	84.25	15.75
wag.the.dog_tt0120885	1998	100.00	0.00	96.72	3.28
waiting.to.exha_tt0114885	1996	100.00	0.00	0.00	100.00
walk_the_line	2005	100.00	0.00	93.55	6.45
wall.street_tt0094291	1988			66.64	33.36
wanted_fs	2008			78.77	21.23
war.room_tt3832914	2015	100.00	0.00	100.00	0.00
war_for_the_planet_of_the_apes	2017	100.00	0.00	66.30	33.70
war_games	1983	100.00	0.00	80.19	19.81
war_of_the_roses	1990	0.00	100.00	0.00	100.00
war_of_the_worlds	2005	100.00	0.00	87.89	12.11
war_with_grandpa	2020			98.39	1.61
warm.bodies_tt1588173	2013	100.00	0.00	89.86	10.14
watchmen	2009	100.00	0.00	75.78	24.22
water.for.eleph_tt1067583	2011	100.00	0.00	69.59	30.41
waterboy	1998	44.87	55.13	88.04	11.96
waterworld	1995	100.00	0.00	78.12	21.88
way.back_tt8544498	2020			100.00	0.00
waynes.world.2_tt0108525	1993	0.00	100.00	91.33	8.67
waynes_world	1992			81.80	18.20
we.were.soldier_tt0277434	2002	100.00	0.00	93.13	6.87
wedding.planner_tt0209475	2001	100.00	0.00	100.00	0.00
wedding.ringer_tt0884732	2015	0.00	100.00	100.00	0.00
wedding_crashers	2005			91.98	8.02
wedding_singer	1998	89.77	10.23	82.17	17.83
weekend.at.bern_tt0098627	1989			75.33	24.67
weird.science_tt0090305	1985	100.00	0.00	72.32	27.68
were_the_millers	2013	100.00	0.00	89.70	10.30
west.side.story_tt3581652	2021	100.00	0.00	41.41	58.59
what.dreams.may_tt0120889	1998			100.00	0.00
what.happens.in_tt1033643	2008	100.00	0.00	87.89	12.11
what.men.want_tt7634968	2019	100.00	0.00	0.00	100.00
what_about_bob	1991			54.39	45.61
what_lies_beneath	2000	97.06	2.94	0.00	100.00
what_women_want	2001	0.00	100.00	99.31	0.69
whats.love.got._tt0108551	1993	100.00	0.00	0.00	100.00
when.a.man.love_tt0111693	1994	100.00	0.00	100.00	0.00
when_harry_met_sally	1989	100.00	0.00	100.00	0.00
where.the.buffa_tt0081748	1980			100.00	0.00
where.the.crawd_tt9411972	2022	100.00	0.00	0.00	100.00
where.the.wild._tt0386117	2009			100.00	0.00
while_you_were_sleeping	1995	96.79	3.21	100.00	0.00
white.chicks_tt0381707	2004	0.00	100.00	81.34	18.66
white.fang_tt0103247	1991			87.48	12.52
white.house.down_tt2334879	2013	100.00	0.00	55.70	44.30
white.nights_tt0090319	1986			80.24	19.76
white.noise_tt0375210	2005			98.22	1.78
white_men_cant_jump	1992	100.00	0.00	97.83	2.17
whitney.houston_tt12193804	2022	100.00	0.00	0.00	100.00
whole.nine.yard_tt0190138	2000	0.00	100.00	80.32	19.68
wholly.moses_tt0081751	1980	100.00	0.00	100.00	0.00
why.did.i.get.m_tt0906108	2007	91.13	8.87	79.77	20.23
why.did.i.get.m_tt1391137	2010	100.00	0.00	100.00	0.00
wild_hogs	2007			82.05	17.95
wild_wild_west	1999			83.19	16.81
wildcats_tt0092214	1986	100.00	0.00		
willow	1988	23.88	76.12	99.52	0.48
witches_of_eastwick	1987	88.64	11.36	0.00	100.00
without.a.paddl_tt0364751	2004			88.20	11.80
witness	1985	100.00	0.00	80.07	19.93
wolf	1994	100.00	0.00	71.65	28.35
wolf.of.wall.st_tt0993846	2014			95.04	4.96
wolfen	1981	100.00	0.00	100.00	0.00
wolfman_tt0780653	2010	100.00	0.00	56.84	43.16
wolverine	2013	100.00	0.00	80.59	19.41
woman.in.black_tt1596365	2012			100.00	0.00
woman.in.red_tt0088414	1984	0.00	100.00	100.00	0.00
woman.king_tt8093700	2022	100.00	0.00	0.00	100.00
wonder	2017	93.80	6.20	60.95	39.05
wonder_woman	2017	90.32	9.68	76.72	23.28
wonder_woman_1984	2021	66.77	33.23	44.52	55.48
working_girl	1989	78.83	21.17	100.00	0.00
world.according_tt0084917	1982	97.95	2.05	100.00	0.00
world.trade.cen_tt0469641	2006			100.00	0.00
world_is_not_enough	1999	29.78	70.22	76.43	23.57
world_war_z	2013	100.00	0.00	100.00	0.00
wrath.of.man_tt11083552	2021			48.54	51.46
wrath.of.the.ti_tt1646987	2012	100.00	0.00	76.55	23.45
x2	2003	87.80	12.20	67.09	32.91
x_files	1998	100.00	0.00	83.12	16.88
xanadu	1980	100.00	0.00	100.00	0.00
xmen	2000	100.00	0.00	81.70	18.30
xmen.dark.phoen_tt6565702	2019	76.25	23.75	63.31	36.69
xmen_apocalypse	2016	68.87	31.13	68.79	31.21
xmen_days_of_future_past	2014	32.47	67.53	84.80	15.20
xmen_first_class	2011	81.36	18.64	78.87	21.13
xmen_origins_wolverine	2009			57.83	42.17
xmen_the_last_stand	2006	45.58	54.42	63.15	36.85
xxx	2002	100.00	0.00	81.42	18.58
year.of.the.dragon_tt0090350	1985			17.69	82.31
yentl_tt0086619	1984	100.00	0.00		
yes.man_tt1068680	2008	100.00	0.00	100.00	0.00
yesterday_tt8079248	2019	0.00	100.00	100.00	0.00
you_me_and_dupree	2006	100.00	0.00	88.41	11.59
young.guns.ii_tt0100994	1990			72.68	27.32
young_doctors_in_love	1982	100.00	0.00	89.30	10.70
young_guns_fs	1988			91.54	8.46
yours.mine..our_tt0443295	2005	100.00	0.00	76.91	23.09
youve_got_mail	1999	100.00	0.00	100.00	0.00
zapped_tt0084945	1982	65.03	34.97	100.00	0.00
zero.dark.thirt_tt1790885	2013	100.00	0.00	70.65	29.35
zohan	2008			70.94	29.06
zombieland.doub_tt1560220	2019	100.00	0.00	100.00	0.00
zombieland_tt1156398	2009	100.00	0.00	100.00	0.00
zookeeper_tt1222817	2011	0.00	100.00	88.41	11.59
zoot.suit_tt0083365	1981			100.00	0.00
